DriverNumber,Driver,LapNumber,LapTime,Sector1Time,Sector2Time,Sector3Time,Compound,TyreLife,Stint,TrackStatus,IsPersonalBest,IsAccurate,RaceNumber,Year,EventName
1,VER,2.0,96.296,30.916,41.661,23.719,SOFT,5.0,1.0,1,True,True,1,2024,Bahrain Grand Prix
1,VER,3.0,96.753,30.999,41.966,23.788,SOFT,6.0,1.0,1,False,True,1,2024,Bahrain Grand Prix
1,VER,4.0,96.647,30.931,41.892,23.824,SOFT,7.0,1.0,1,False,True,1,2024,Bahrain Grand Prix
1,VER,5.0,97.173,31.255,42.056,23.862,SOFT,8.0,1.0,1,False,True,1,2024,Bahrain Grand Prix
1,VER,6.0,97.092,31.041,42.187,23.864,SOFT,9.0,1.0,1,False,True,1,2024,Bahrain Grand Prix
1,VER,7.0,97.038,31.015,42.118,23.905,SOFT,10.0,1.0,1,False,True,1,2024,Bahrain Grand Prix
1,VER,8.0,97.024,31.041,42.077,23.906,SOFT,11.0,1.0,1,False,True,1,2024,Bahrain Grand Prix
1,VER,9.0,97.229,31.1,42.166,23.963,SOFT,12.0,1.0,1,False,True,1,2024,Bahrain Grand Prix
1,VER,10.0,96.96,30.986,42.009,23.965,SOFT,13.0,1.0,12,False,True,1,2024,Bahrain Grand Prix
1,VER,11.0,97.085,30.974,42.142,23.969,SOFT,14.0,1.0,21,False,True,1,2024,Bahrain Grand Prix
1,VER,12.0,97.045,30.966,42.091,23.988,SOFT,15.0,1.0,1,False,True,1,2024,Bahrain Grand Prix
1,VER,13.0,97.03,30.964,42.055,24.011,SOFT,16.0,1.0,1,False,True,1,2024,Bahrain Grand Prix
1,VER,14.0,97.028,30.938,42.042,24.048,SOFT,17.0,1.0,1,False,True,1,2024,Bahrain Grand Prix
1,VER,15.0,97.011,30.887,42.058,24.066,SOFT,18.0,1.0,1,False,True,1,2024,Bahrain Grand Prix
1,VER,16.0,97.168,31.048,42.032,24.088,SOFT,19.0,1.0,1,False,True,1,2024,Bahrain Grand Prix
1,VER,19.0,95.283,30.628,41.162,23.493,HARD,2.0,2.0,1,True,True,1,2024,Bahrain Grand Prix
1,VER,20.0,95.16,30.585,41.1,23.475,HARD,3.0,2.0,1,True,True,1,2024,Bahrain Grand Prix
1,VER,21.0,95.316,30.576,41.24,23.5,HARD,4.0,2.0,1,False,True,1,2024,Bahrain Grand Prix
1,VER,22.0,95.204,30.56,41.142,23.502,HARD,5.0,2.0,1,False,True,1,2024,Bahrain Grand Prix
1,VER,23.0,95.216,30.553,41.145,23.518,HARD,6.0,2.0,1,False,True,1,2024,Bahrain Grand Prix
1,VER,24.0,95.289,30.548,41.257,23.484,HARD,7.0,2.0,1,False,True,1,2024,Bahrain Grand Prix
1,VER,25.0,95.342,30.518,41.282,23.542,HARD,8.0,2.0,1,False,True,1,2024,Bahrain Grand Prix
1,VER,26.0,95.223,30.522,41.14,23.561,HARD,9.0,2.0,1,False,True,1,2024,Bahrain Grand Prix
1,VER,27.0,95.581,30.649,41.338,23.594,HARD,10.0,2.0,1,False,True,1,2024,Bahrain Grand Prix
1,VER,28.0,95.477,30.588,41.272,23.617,HARD,11.0,2.0,1,False,True,1,2024,Bahrain Grand Prix
1,VER,29.0,95.793,30.679,41.485,23.629,HARD,12.0,2.0,1,False,True,1,2024,Bahrain Grand Prix
1,VER,30.0,95.771,30.657,41.47,23.644,HARD,13.0,2.0,1,False,True,1,2024,Bahrain Grand Prix
1,VER,31.0,95.679,30.635,41.435,23.609,HARD,14.0,2.0,1,False,True,1,2024,Bahrain Grand Prix
1,VER,32.0,95.886,30.669,41.519,23.698,HARD,15.0,2.0,1,False,True,1,2024,Bahrain Grand Prix
1,VER,33.0,95.863,30.69,41.459,23.714,HARD,16.0,2.0,1,False,True,1,2024,Bahrain Grand Prix
1,VER,34.0,96.133,30.685,41.661,23.787,HARD,17.0,2.0,1,False,True,1,2024,Bahrain Grand Prix
1,VER,35.0,96.018,30.727,41.557,23.734,HARD,18.0,2.0,1,False,True,1,2024,Bahrain Grand Prix
1,VER,36.0,96.205,30.794,41.561,23.85,HARD,19.0,2.0,1,False,True,1,2024,Bahrain Grand Prix
1,VER,39.0,92.608,29.741,39.916,22.951,SOFT,2.0,3.0,1,True,True,1,2024,Bahrain Grand Prix
1,VER,40.0,96.589,31.014,42.023,23.552,SOFT,3.0,3.0,1,False,True,1,2024,Bahrain Grand Prix
1,VER,41.0,95.29,30.697,41.281,23.312,SOFT,4.0,3.0,1,False,True,1,2024,Bahrain Grand Prix
1,VER,42.0,94.667,30.477,40.996,23.194,SOFT,5.0,3.0,1,False,True,1,2024,Bahrain Grand Prix
1,VER,43.0,94.151,30.132,40.772,23.247,SOFT,6.0,3.0,1,False,True,1,2024,Bahrain Grand Prix
1,VER,44.0,94.531,30.348,40.805,23.378,SOFT,7.0,3.0,1,False,True,1,2024,Bahrain Grand Prix
1,VER,45.0,94.249,30.18,40.825,23.244,SOFT,8.0,3.0,1,False,True,1,2024,Bahrain Grand Prix
1,VER,46.0,94.193,30.301,40.682,23.21,SOFT,9.0,3.0,1,False,True,1,2024,Bahrain Grand Prix
1,VER,47.0,94.239,30.267,40.704,23.268,SOFT,10.0,3.0,1,False,True,1,2024,Bahrain Grand Prix
1,VER,48.0,94.35,30.245,40.738,23.367,SOFT,11.0,3.0,1,False,True,1,2024,Bahrain Grand Prix
1,VER,49.0,94.403,30.246,40.804,23.353,SOFT,12.0,3.0,1,False,True,1,2024,Bahrain Grand Prix
1,VER,50.0,94.783,30.229,40.928,23.626,SOFT,13.0,3.0,1,False,True,1,2024,Bahrain Grand Prix
1,VER,51.0,94.34,30.003,40.834,23.503,SOFT,14.0,3.0,1,False,True,1,2024,Bahrain Grand Prix
1,VER,52.0,94.906,30.333,40.919,23.654,SOFT,15.0,3.0,1,False,True,1,2024,Bahrain Grand Prix
1,VER,53.0,95.6,30.528,41.382,23.69,SOFT,16.0,3.0,1,False,True,1,2024,Bahrain Grand Prix
1,VER,54.0,95.334,30.427,41.227,23.68,SOFT,17.0,3.0,1,False,True,1,2024,Bahrain Grand Prix
1,VER,55.0,95.184,30.493,41.22,23.471,SOFT,18.0,3.0,1,False,True,1,2024,Bahrain Grand Prix
1,VER,56.0,94.671,30.256,40.87,23.545,SOFT,19.0,3.0,1,False,True,1,2024,Bahrain Grand Prix
1,VER,57.0,94.923,30.384,40.91,23.629,SOFT,20.0,3.0,1,False,True,1,2024,Bahrain Grand Prix
11,PER,2.0,96.541,30.678,41.867,23.996,SOFT,5.0,1.0,1,True,True,1,2024,Bahrain Grand Prix
11,PER,3.0,97.297,30.596,42.478,24.223,SOFT,6.0,1.0,1,False,True,1,2024,Bahrain Grand Prix
11,PER,4.0,97.722,30.716,42.623,24.383,SOFT,7.0,1.0,1,False,True,1,2024,Bahrain Grand Prix
11,PER,5.0,98.044,30.997,42.754,24.293,SOFT,8.0,1.0,1,False,True,1,2024,Bahrain Grand Prix
11,PER,6.0,97.823,30.843,42.702,24.278,SOFT,9.0,1.0,1,False,True,1,2024,Bahrain Grand Prix
11,PER,7.0,97.821,31.013,42.682,24.126,SOFT,10.0,1.0,1,False,True,1,2024,Bahrain Grand Prix
11,PER,8.0,97.838,31.305,42.428,24.105,SOFT,11.0,1.0,1,False,True,1,2024,Bahrain Grand Prix
11,PER,9.0,97.596,31.145,42.395,24.056,SOFT,12.0,1.0,1,False,True,1,2024,Bahrain Grand Prix
11,PER,10.0,97.63,31.178,42.322,24.13,SOFT,13.0,1.0,12,False,True,1,2024,Bahrain Grand Prix
11,PER,11.0,97.836,31.054,42.473,24.309,SOFT,14.0,1.0,1,False,True,1,2024,Bahrain Grand Prix
11,PER,14.0,95.606,30.063,41.855,23.688,HARD,2.0,2.0,1,True,True,1,2024,Bahrain Grand Prix
11,PER,15.0,96.815,30.785,41.795,24.235,HARD,3.0,2.0,1,False,True,1,2024,Bahrain Grand Prix
11,PER,16.0,95.783,30.569,41.558,23.656,HARD,4.0,2.0,1,False,True,1,2024,Bahrain Grand Prix
11,PER,17.0,96.454,30.922,41.823,23.709,HARD,5.0,2.0,1,False,True,1,2024,Bahrain Grand Prix
11,PER,18.0,96.311,30.803,41.835,23.673,HARD,6.0,2.0,1,False,True,1,2024,Bahrain Grand Prix
11,PER,19.0,96.038,30.702,41.633,23.703,HARD,7.0,2.0,1,False,True,1,2024,Bahrain Grand Prix
11,PER,20.0,96.278,30.918,41.686,23.674,HARD,8.0,2.0,1,False,True,1,2024,Bahrain Grand Prix
11,PER,21.0,96.165,30.849,41.61,23.706,HARD,9.0,2.0,1,False,True,1,2024,Bahrain Grand Prix
11,PER,22.0,96.037,30.824,41.536,23.677,HARD,10.0,2.0,1,False,True,1,2024,Bahrain Grand Prix
11,PER,23.0,96.249,30.84,41.729,23.68,HARD,11.0,2.0,1,False,True,1,2024,Bahrain Grand Prix
11,PER,24.0,96.211,30.792,41.687,23.732,HARD,12.0,2.0,1,False,True,1,2024,Bahrain Grand Prix
11,PER,25.0,96.344,30.878,41.719,23.747,HARD,13.0,2.0,1,False,True,1,2024,Bahrain Grand Prix
11,PER,26.0,96.347,30.938,41.666,23.743,HARD,14.0,2.0,1,False,True,1,2024,Bahrain Grand Prix
11,PER,27.0,96.233,30.853,41.543,23.837,HARD,15.0,2.0,1,False,True,1,2024,Bahrain Grand Prix
11,PER,28.0,96.226,30.929,41.588,23.709,HARD,16.0,2.0,1,False,True,1,2024,Bahrain Grand Prix
11,PER,29.0,96.437,30.926,41.749,23.762,HARD,17.0,2.0,1,False,True,1,2024,Bahrain Grand Prix
11,PER,30.0,96.313,30.916,41.643,23.754,HARD,18.0,2.0,1,False,True,1,2024,Bahrain Grand Prix
11,PER,31.0,96.339,30.843,41.752,23.744,HARD,19.0,2.0,1,False,True,1,2024,Bahrain Grand Prix
11,PER,32.0,96.276,30.856,41.671,23.749,HARD,20.0,2.0,1,False,True,1,2024,Bahrain Grand Prix
11,PER,33.0,96.564,30.907,41.752,23.905,HARD,21.0,2.0,1,False,True,1,2024,Bahrain Grand Prix
11,PER,34.0,96.378,30.84,41.734,23.804,HARD,22.0,2.0,1,False,True,1,2024,Bahrain Grand Prix
11,PER,35.0,96.776,30.938,41.91,23.928,HARD,23.0,2.0,1,False,True,1,2024,Bahrain Grand Prix
11,PER,38.0,94.804,30.581,40.931,23.292,SOFT,2.0,3.0,1,True,True,1,2024,Bahrain Grand Prix
11,PER,39.0,94.607,30.563,40.893,23.151,SOFT,3.0,3.0,1,True,True,1,2024,Bahrain Grand Prix
11,PER,40.0,94.364,30.4,40.772,23.192,SOFT,4.0,3.0,1,True,True,1,2024,Bahrain Grand Prix
11,PER,41.0,94.4,30.351,40.884,23.165,SOFT,5.0,3.0,1,False,True,1,2024,Bahrain Grand Prix
11,PER,42.0,94.525,30.299,40.985,23.241,SOFT,6.0,3.0,1,False,True,1,2024,Bahrain Grand Prix
11,PER,43.0,94.797,30.403,41.148,23.246,SOFT,7.0,3.0,1,False,True,1,2024,Bahrain Grand Prix
11,PER,44.0,94.799,30.389,41.028,23.382,SOFT,8.0,3.0,1,False,True,1,2024,Bahrain Grand Prix
11,PER,45.0,94.592,30.338,40.986,23.268,SOFT,9.0,3.0,1,False,True,1,2024,Bahrain Grand Prix
11,PER,46.0,94.844,30.41,41.109,23.325,SOFT,10.0,3.0,1,False,True,1,2024,Bahrain Grand Prix
11,PER,47.0,94.73,30.281,41.074,23.375,SOFT,11.0,3.0,1,False,True,1,2024,Bahrain Grand Prix
11,PER,48.0,94.885,30.358,41.147,23.38,SOFT,12.0,3.0,1,False,True,1,2024,Bahrain Grand Prix
11,PER,49.0,94.966,30.4,41.133,23.433,SOFT,13.0,3.0,1,False,True,1,2024,Bahrain Grand Prix
11,PER,50.0,95.082,30.366,41.337,23.379,SOFT,14.0,3.0,1,False,True,1,2024,Bahrain Grand Prix
11,PER,51.0,94.94,30.36,41.144,23.436,SOFT,15.0,3.0,1,False,True,1,2024,Bahrain Grand Prix
11,PER,52.0,95.183,30.577,41.129,23.477,SOFT,16.0,3.0,1,False,True,1,2024,Bahrain Grand Prix
11,PER,53.0,95.842,30.638,41.522,23.682,SOFT,17.0,3.0,1,False,True,1,2024,Bahrain Grand Prix
11,PER,54.0,95.459,30.578,41.382,23.499,SOFT,18.0,3.0,1,False,True,1,2024,Bahrain Grand Prix
11,PER,55.0,95.611,30.683,41.42,23.508,SOFT,19.0,3.0,1,False,True,1,2024,Bahrain Grand Prix
11,PER,56.0,95.568,30.539,41.406,23.623,SOFT,20.0,3.0,1,False,True,1,2024,Bahrain Grand Prix
11,PER,57.0,95.746,30.521,41.6,23.625,SOFT,21.0,3.0,1,False,True,1,2024,Bahrain Grand Prix
55,SAI,2.0,97.236,30.974,42.366,23.896,SOFT,5.0,1.0,1,True,True,1,2024,Bahrain Grand Prix
55,SAI,3.0,97.08,31.049,42.179,23.852,SOFT,6.0,1.0,1,True,True,1,2024,Bahrain Grand Prix
55,SAI,4.0,97.264,30.957,42.373,23.934,SOFT,7.0,1.0,1,False,True,1,2024,Bahrain Grand Prix
55,SAI,5.0,98.032,30.967,42.821,24.244,SOFT,8.0,1.0,1,False,True,1,2024,Bahrain Grand Prix
55,SAI,6.0,97.741,30.879,42.803,24.059,SOFT,9.0,1.0,1,False,True,1,2024,Bahrain Grand Prix
55,SAI,7.0,98.26,30.847,43.148,24.265,SOFT,10.0,1.0,1,False,True,1,2024,Bahrain Grand Prix
55,SAI,8.0,98.183,31.341,42.701,24.141,SOFT,11.0,1.0,1,False,True,1,2024,Bahrain Grand Prix
55,SAI,9.0,98.03,30.99,42.868,24.172,SOFT,12.0,1.0,1,False,True,1,2024,Bahrain Grand Prix
55,SAI,10.0,97.608,30.819,42.638,24.151,SOFT,13.0,1.0,12,False,True,1,2024,Bahrain Grand Prix
55,SAI,11.0,97.656,31.266,42.386,24.004,SOFT,14.0,1.0,1,False,True,1,2024,Bahrain Grand Prix
55,SAI,12.0,97.65,31.089,42.46,24.101,SOFT,15.0,1.0,1,False,True,1,2024,Bahrain Grand Prix
55,SAI,13.0,97.243,31.025,42.212,24.006,SOFT,16.0,1.0,1,False,True,1,2024,Bahrain Grand Prix
55,SAI,16.0,96.376,30.412,42.131,23.833,HARD,2.0,2.0,1,True,True,1,2024,Bahrain Grand Prix
55,SAI,17.0,95.507,30.202,41.758,23.547,HARD,3.0,2.0,1,True,True,1,2024,Bahrain Grand Prix
55,SAI,18.0,96.088,30.59,41.964,23.534,HARD,4.0,2.0,1,False,True,1,2024,Bahrain Grand Prix
55,SAI,19.0,96.236,30.805,41.897,23.534,HARD,5.0,2.0,1,False,True,1,2024,Bahrain Grand Prix
55,SAI,20.0,96.034,30.786,41.66,23.588,HARD,6.0,2.0,1,False,True,1,2024,Bahrain Grand Prix
55,SAI,21.0,96.104,30.796,41.752,23.556,HARD,7.0,2.0,1,False,True,1,2024,Bahrain Grand Prix
55,SAI,22.0,96.008,30.686,41.77,23.552,HARD,8.0,2.0,1,False,True,1,2024,Bahrain Grand Prix
55,SAI,23.0,96.149,30.738,41.797,23.614,HARD,9.0,2.0,1,False,True,1,2024,Bahrain Grand Prix
55,SAI,24.0,96.2,30.698,41.881,23.621,HARD,10.0,2.0,1,False,True,1,2024,Bahrain Grand Prix
55,SAI,25.0,96.22,30.724,41.907,23.589,HARD,11.0,2.0,1,False,True,1,2024,Bahrain Grand Prix
55,SAI,26.0,96.221,30.714,41.878,23.629,HARD,12.0,2.0,1,False,True,1,2024,Bahrain Grand Prix
55,SAI,27.0,96.272,30.807,41.836,23.629,HARD,13.0,2.0,1,False,True,1,2024,Bahrain Grand Prix
55,SAI,28.0,96.534,30.901,41.965,23.668,HARD,14.0,2.0,1,False,True,1,2024,Bahrain Grand Prix
55,SAI,29.0,96.6,30.852,41.97,23.778,HARD,15.0,2.0,1,False,True,1,2024,Bahrain Grand Prix
55,SAI,30.0,96.337,30.746,41.897,23.694,HARD,16.0,2.0,1,False,True,1,2024,Bahrain Grand Prix
55,SAI,31.0,96.537,30.851,41.959,23.727,HARD,17.0,2.0,1,False,True,1,2024,Bahrain Grand Prix
55,SAI,32.0,96.762,30.873,42.115,23.774,HARD,18.0,2.0,1,False,True,1,2024,Bahrain Grand Prix
55,SAI,33.0,96.556,30.833,41.987,23.736,HARD,19.0,2.0,1,False,True,1,2024,Bahrain Grand Prix
55,SAI,34.0,96.551,30.858,41.933,23.76,HARD,20.0,2.0,1,False,True,1,2024,Bahrain Grand Prix
55,SAI,37.0,95.302,30.695,41.39,23.217,HARD,2.0,3.0,1,True,True,1,2024,Bahrain Grand Prix
55,SAI,38.0,95.1,30.631,41.329,23.14,HARD,3.0,3.0,1,True,True,1,2024,Bahrain Grand Prix
55,SAI,39.0,94.709,30.481,41.066,23.162,HARD,4.0,3.0,1,True,True,1,2024,Bahrain Grand Prix
55,SAI,40.0,94.739,30.382,41.146,23.211,HARD,5.0,3.0,1,False,True,1,2024,Bahrain Grand Prix
55,SAI,41.0,95.041,30.638,41.205,23.198,HARD,6.0,3.0,1,False,True,1,2024,Bahrain Grand Prix
55,SAI,42.0,94.861,30.448,41.195,23.218,HARD,7.0,3.0,1,False,True,1,2024,Bahrain Grand Prix
55,SAI,43.0,94.795,30.387,41.201,23.207,HARD,8.0,3.0,1,False,True,1,2024,Bahrain Grand Prix
55,SAI,44.0,94.507,30.35,40.971,23.186,HARD,9.0,3.0,1,True,True,1,2024,Bahrain Grand Prix
55,SAI,45.0,94.79,30.398,41.123,23.269,HARD,10.0,3.0,1,False,True,1,2024,Bahrain Grand Prix
55,SAI,46.0,94.853,30.466,41.116,23.271,HARD,11.0,3.0,1,False,True,1,2024,Bahrain Grand Prix
55,SAI,47.0,94.901,30.455,41.086,23.36,HARD,12.0,3.0,1,False,True,1,2024,Bahrain Grand Prix
55,SAI,48.0,94.981,30.602,41.028,23.351,HARD,13.0,3.0,1,False,True,1,2024,Bahrain Grand Prix
55,SAI,49.0,95.44,30.499,41.58,23.361,HARD,14.0,3.0,1,False,True,1,2024,Bahrain Grand Prix
55,SAI,50.0,95.142,30.468,41.331,23.343,HARD,15.0,3.0,1,False,True,1,2024,Bahrain Grand Prix
55,SAI,51.0,95.282,30.502,41.387,23.393,HARD,16.0,3.0,1,False,True,1,2024,Bahrain Grand Prix
55,SAI,52.0,95.083,30.522,41.259,23.302,HARD,17.0,3.0,1,False,True,1,2024,Bahrain Grand Prix
55,SAI,53.0,95.211,30.491,41.288,23.432,HARD,18.0,3.0,1,False,True,1,2024,Bahrain Grand Prix
55,SAI,54.0,95.309,30.555,41.277,23.477,HARD,19.0,3.0,1,False,True,1,2024,Bahrain Grand Prix
55,SAI,55.0,95.407,30.699,41.192,23.516,HARD,20.0,3.0,1,False,True,1,2024,Bahrain Grand Prix
55,SAI,56.0,95.305,30.593,41.18,23.532,HARD,21.0,3.0,1,False,True,1,2024,Bahrain Grand Prix
55,SAI,57.0,95.327,30.55,41.125,23.652,HARD,22.0,3.0,1,False,True,1,2024,Bahrain Grand Prix
16,LEC,2.0,96.862,31.166,41.864,23.832,SOFT,5.0,1.0,1,True,True,1,2024,Bahrain Grand Prix
16,LEC,3.0,98.062,31.223,42.856,23.983,SOFT,6.0,1.0,1,False,True,1,2024,Bahrain Grand Prix
16,LEC,4.0,97.752,30.958,42.784,24.01,SOFT,7.0,1.0,1,False,True,1,2024,Bahrain Grand Prix
16,LEC,5.0,98.131,31.192,42.872,24.067,SOFT,8.0,1.0,1,False,True,1,2024,Bahrain Grand Prix
16,LEC,6.0,97.782,30.936,42.751,24.095,SOFT,9.0,1.0,1,False,True,1,2024,Bahrain Grand Prix
16,LEC,7.0,98.957,31.008,43.761,24.188,SOFT,10.0,1.0,1,False,True,1,2024,Bahrain Grand Prix
16,LEC,8.0,98.136,31.2,42.753,24.183,SOFT,11.0,1.0,1,False,True,1,2024,Bahrain Grand Prix
16,LEC,9.0,97.844,31.147,42.533,24.164,SOFT,12.0,1.0,1,False,True,1,2024,Bahrain Grand Prix
16,LEC,10.0,97.884,30.988,42.534,24.362,SOFT,13.0,1.0,12,False,True,1,2024,Bahrain Grand Prix
16,LEC,13.0,96.432,30.58,42.173,23.679,HARD,2.0,2.0,1,True,True,1,2024,Bahrain Grand Prix
16,LEC,14.0,96.756,30.787,42.232,23.737,HARD,3.0,2.0,1,False,True,1,2024,Bahrain Grand Prix
16,LEC,15.0,96.813,30.831,42.256,23.726,HARD,4.0,2.0,1,False,True,1,2024,Bahrain Grand Prix
16,LEC,16.0,96.673,30.606,42.32,23.747,HARD,5.0,2.0,1,False,True,1,2024,Bahrain Grand Prix
16,LEC,17.0,97.302,31.109,42.332,23.861,HARD,6.0,2.0,1,False,True,1,2024,Bahrain Grand Prix
16,LEC,18.0,97.438,31.18,42.467,23.791,HARD,7.0,2.0,1,False,True,1,2024,Bahrain Grand Prix
16,LEC,19.0,96.821,30.986,42.03,23.805,HARD,8.0,2.0,1,False,True,1,2024,Bahrain Grand Prix
16,LEC,20.0,96.794,30.839,42.103,23.852,HARD,9.0,2.0,1,False,True,1,2024,Bahrain Grand Prix
16,LEC,21.0,96.977,31.089,42.091,23.797,HARD,10.0,2.0,1,False,True,1,2024,Bahrain Grand Prix
16,LEC,22.0,96.796,30.994,41.976,23.826,HARD,11.0,2.0,1,False,True,1,2024,Bahrain Grand Prix
16,LEC,23.0,96.987,31.131,41.941,23.915,HARD,12.0,2.0,1,False,True,1,2024,Bahrain Grand Prix
16,LEC,24.0,96.924,31.083,41.904,23.937,HARD,13.0,2.0,1,False,True,1,2024,Bahrain Grand Prix
16,LEC,25.0,96.76,31.059,41.828,23.873,HARD,14.0,2.0,1,False,True,1,2024,Bahrain Grand Prix
16,LEC,26.0,96.81,30.991,41.901,23.918,HARD,15.0,2.0,1,False,True,1,2024,Bahrain Grand Prix
16,LEC,27.0,96.831,31.081,41.881,23.869,HARD,16.0,2.0,1,False,True,1,2024,Bahrain Grand Prix
16,LEC,28.0,96.907,31.019,41.971,23.917,HARD,17.0,2.0,1,False,True,1,2024,Bahrain Grand Prix
16,LEC,29.0,96.963,30.974,42.065,23.924,HARD,18.0,2.0,1,False,True,1,2024,Bahrain Grand Prix
16,LEC,30.0,97.158,31.134,42.03,23.994,HARD,19.0,2.0,1,False,True,1,2024,Bahrain Grand Prix
16,LEC,31.0,97.031,30.999,42.079,23.953,HARD,20.0,2.0,1,False,True,1,2024,Bahrain Grand Prix
16,LEC,32.0,96.941,31.153,41.922,23.866,HARD,21.0,2.0,1,False,True,1,2024,Bahrain Grand Prix
16,LEC,33.0,96.741,30.99,41.868,23.883,HARD,22.0,2.0,1,False,True,1,2024,Bahrain Grand Prix
16,LEC,36.0,94.09,30.063,40.65,23.377,HARD,2.0,3.0,1,True,True,1,2024,Bahrain Grand Prix
16,LEC,37.0,94.897,30.611,40.962,23.324,HARD,3.0,3.0,1,False,True,1,2024,Bahrain Grand Prix
16,LEC,38.0,94.783,30.55,40.953,23.28,HARD,4.0,3.0,1,False,True,1,2024,Bahrain Grand Prix
16,LEC,39.0,95.087,30.604,41.077,23.406,HARD,5.0,3.0,1,False,True,1,2024,Bahrain Grand Prix
16,LEC,40.0,94.859,30.507,40.836,23.516,HARD,6.0,3.0,1,False,True,1,2024,Bahrain Grand Prix
16,LEC,41.0,95.028,30.539,41.033,23.456,HARD,7.0,3.0,1,False,True,1,2024,Bahrain Grand Prix
16,LEC,42.0,94.982,30.413,41.067,23.502,HARD,8.0,3.0,1,False,True,1,2024,Bahrain Grand Prix
16,LEC,43.0,95.192,30.286,41.367,23.539,HARD,9.0,3.0,1,False,True,1,2024,Bahrain Grand Prix
16,LEC,44.0,95.051,30.468,41.124,23.459,HARD,10.0,3.0,1,False,True,1,2024,Bahrain Grand Prix
16,LEC,45.0,95.22,30.355,41.281,23.584,HARD,11.0,3.0,1,False,True,1,2024,Bahrain Grand Prix
16,LEC,46.0,95.058,30.238,41.4,23.42,HARD,12.0,3.0,1,False,True,1,2024,Bahrain Grand Prix
16,LEC,47.0,95.057,30.577,41.115,23.365,HARD,13.0,3.0,1,False,True,1,2024,Bahrain Grand Prix
16,LEC,48.0,95.308,30.64,41.183,23.485,HARD,14.0,3.0,1,False,True,1,2024,Bahrain Grand Prix
16,LEC,49.0,95.302,30.689,41.12,23.493,HARD,15.0,3.0,1,False,True,1,2024,Bahrain Grand Prix
16,LEC,50.0,95.383,30.639,41.285,23.459,HARD,16.0,3.0,1,False,True,1,2024,Bahrain Grand Prix
16,LEC,51.0,95.418,30.721,41.116,23.581,HARD,17.0,3.0,1,False,True,1,2024,Bahrain Grand Prix
16,LEC,52.0,95.394,30.693,41.156,23.545,HARD,18.0,3.0,1,False,True,1,2024,Bahrain Grand Prix
16,LEC,53.0,95.48,30.777,41.227,23.476,HARD,19.0,3.0,1,False,True,1,2024,Bahrain Grand Prix
16,LEC,54.0,95.265,30.7,41.077,23.488,HARD,20.0,3.0,1,False,True,1,2024,Bahrain Grand Prix
16,LEC,55.0,95.785,30.857,41.308,23.62,HARD,21.0,3.0,1,False,True,1,2024,Bahrain Grand Prix
16,LEC,56.0,95.924,30.744,41.565,23.615,HARD,22.0,3.0,1,False,True,1,2024,Bahrain Grand Prix
16,LEC,57.0,96.324,30.856,41.655,23.813,HARD,23.0,3.0,1,False,True,1,2024,Bahrain Grand Prix
63,RUS,2.0,96.635,30.829,42.038,23.768,SOFT,5.0,1.0,1,True,True,1,2024,Bahrain Grand Prix
63,RUS,3.0,96.406,30.367,42.202,23.837,SOFT,6.0,1.0,1,True,True,1,2024,Bahrain Grand Prix
63,RUS,4.0,97.738,31.135,42.609,23.994,SOFT,7.0,1.0,1,False,True,1,2024,Bahrain Grand Prix
63,RUS,5.0,98.116,31.636,42.573,23.907,SOFT,8.0,1.0,1,False,True,1,2024,Bahrain Grand Prix
63,RUS,6.0,97.784,31.36,42.508,23.916,SOFT,9.0,1.0,1,False,True,1,2024,Bahrain Grand Prix
63,RUS,7.0,98.082,31.48,42.577,24.025,SOFT,10.0,1.0,1,False,True,1,2024,Bahrain Grand Prix
63,RUS,8.0,97.862,31.238,42.646,23.978,SOFT,11.0,1.0,1,False,True,1,2024,Bahrain Grand Prix
63,RUS,9.0,97.73,31.12,42.578,24.032,SOFT,12.0,1.0,1,False,True,1,2024,Bahrain Grand Prix
63,RUS,10.0,97.782,31.247,42.538,23.997,SOFT,13.0,1.0,12,False,True,1,2024,Bahrain Grand Prix
63,RUS,13.0,97.167,30.759,42.479,23.929,HARD,2.0,2.0,1,False,True,1,2024,Bahrain Grand Prix
63,RUS,14.0,97.571,30.851,42.74,23.98,HARD,3.0,2.0,1,False,True,1,2024,Bahrain Grand Prix
63,RUS,15.0,96.922,31.038,42.152,23.732,HARD,4.0,2.0,1,False,True,1,2024,Bahrain Grand Prix
63,RUS,16.0,96.683,31.03,42.084,23.569,HARD,5.0,2.0,1,False,True,1,2024,Bahrain Grand Prix
63,RUS,17.0,96.234,30.747,41.766,23.721,HARD,6.0,2.0,1,True,True,1,2024,Bahrain Grand Prix
63,RUS,18.0,97.819,31.462,42.532,23.825,HARD,7.0,2.0,1,False,True,1,2024,Bahrain Grand Prix
63,RUS,19.0,97.233,31.101,42.267,23.865,HARD,8.0,2.0,1,False,True,1,2024,Bahrain Grand Prix
63,RUS,20.0,96.732,30.862,42.099,23.771,HARD,9.0,2.0,1,False,True,1,2024,Bahrain Grand Prix
63,RUS,21.0,96.769,30.87,42.18,23.719,HARD,10.0,2.0,1,False,True,1,2024,Bahrain Grand Prix
63,RUS,22.0,96.992,30.84,42.313,23.839,HARD,11.0,2.0,1,False,True,1,2024,Bahrain Grand Prix
63,RUS,23.0,96.954,31.043,42.088,23.823,HARD,12.0,2.0,1,False,True,1,2024,Bahrain Grand Prix
63,RUS,24.0,96.736,30.867,42.107,23.762,HARD,13.0,2.0,1,False,True,1,2024,Bahrain Grand Prix
63,RUS,25.0,96.928,30.941,42.199,23.788,HARD,14.0,2.0,1,False,True,1,2024,Bahrain Grand Prix
63,RUS,26.0,96.801,30.867,42.161,23.773,HARD,15.0,2.0,1,False,True,1,2024,Bahrain Grand Prix
63,RUS,27.0,96.815,30.93,42.115,23.77,HARD,16.0,2.0,1,False,True,1,2024,Bahrain Grand Prix
63,RUS,28.0,96.911,30.98,42.149,23.782,HARD,17.0,2.0,1,False,True,1,2024,Bahrain Grand Prix
63,RUS,29.0,97.066,30.993,42.224,23.849,HARD,18.0,2.0,1,False,True,1,2024,Bahrain Grand Prix
63,RUS,30.0,97.186,31.03,42.221,23.935,HARD,19.0,2.0,1,False,True,1,2024,Bahrain Grand Prix
63,RUS,33.0,95.838,30.638,41.572,23.628,HARD,2.0,3.0,1,True,True,1,2024,Bahrain Grand Prix
63,RUS,34.0,95.241,30.286,41.651,23.304,HARD,3.0,3.0,1,True,True,1,2024,Bahrain Grand Prix
63,RUS,35.0,95.772,30.587,41.817,23.368,HARD,4.0,3.0,1,False,True,1,2024,Bahrain Grand Prix
63,RUS,36.0,95.434,30.608,41.494,23.332,HARD,5.0,3.0,1,False,True,1,2024,Bahrain Grand Prix
63,RUS,37.0,95.481,30.566,41.586,23.329,HARD,6.0,3.0,1,False,True,1,2024,Bahrain Grand Prix
63,RUS,38.0,95.479,30.6,41.469,23.41,HARD,7.0,3.0,1,False,True,1,2024,Bahrain Grand Prix
63,RUS,39.0,95.204,30.547,41.329,23.328,HARD,8.0,3.0,1,True,True,1,2024,Bahrain Grand Prix
63,RUS,40.0,95.065,30.39,41.347,23.328,HARD,9.0,3.0,1,True,True,1,2024,Bahrain Grand Prix
63,RUS,41.0,95.093,30.541,41.25,23.302,HARD,10.0,3.0,1,False,True,1,2024,Bahrain Grand Prix
63,RUS,42.0,95.136,30.57,41.196,23.37,HARD,11.0,3.0,1,False,True,1,2024,Bahrain Grand Prix
63,RUS,43.0,95.193,30.626,41.237,23.33,HARD,12.0,3.0,1,False,True,1,2024,Bahrain Grand Prix
63,RUS,44.0,95.162,30.573,41.252,23.337,HARD,13.0,3.0,1,False,True,1,2024,Bahrain Grand Prix
63,RUS,45.0,95.276,30.599,41.328,23.349,HARD,14.0,3.0,1,False,True,1,2024,Bahrain Grand Prix
63,RUS,46.0,96.657,30.649,42.244,23.764,HARD,15.0,3.0,1,False,True,1,2024,Bahrain Grand Prix
63,RUS,47.0,95.805,30.525,41.724,23.556,HARD,16.0,3.0,1,False,True,1,2024,Bahrain Grand Prix
63,RUS,48.0,96.059,30.794,41.795,23.47,HARD,17.0,3.0,1,False,True,1,2024,Bahrain Grand Prix
63,RUS,49.0,95.954,30.723,41.727,23.504,HARD,18.0,3.0,1,False,True,1,2024,Bahrain Grand Prix
63,RUS,50.0,96.181,30.691,41.93,23.56,HARD,19.0,3.0,1,False,True,1,2024,Bahrain Grand Prix
63,RUS,51.0,95.852,30.639,41.734,23.479,HARD,20.0,3.0,1,False,True,1,2024,Bahrain Grand Prix
63,RUS,52.0,96.186,30.678,41.927,23.581,HARD,21.0,3.0,1,False,True,1,2024,Bahrain Grand Prix
63,RUS,53.0,95.979,30.752,41.74,23.487,HARD,22.0,3.0,1,False,True,1,2024,Bahrain Grand Prix
63,RUS,54.0,96.013,30.744,41.687,23.582,HARD,23.0,3.0,1,False,True,1,2024,Bahrain Grand Prix
63,RUS,55.0,96.151,30.818,41.709,23.624,HARD,24.0,3.0,1,False,True,1,2024,Bahrain Grand Prix
63,RUS,56.0,96.35,30.808,41.885,23.657,HARD,25.0,3.0,1,False,True,1,2024,Bahrain Grand Prix
63,RUS,57.0,96.44,30.765,42.018,23.657,HARD,26.0,3.0,1,False,True,1,2024,Bahrain Grand Prix
4,NOR,2.0,98.01,31.353,42.618,24.039,SOFT,5.0,1.0,1,True,True,1,2024,Bahrain Grand Prix
4,NOR,3.0,97.787,31.112,42.476,24.199,SOFT,6.0,1.0,1,False,True,1,2024,Bahrain Grand Prix
4,NOR,4.0,97.45,31.115,42.193,24.142,SOFT,7.0,1.0,1,False,True,1,2024,Bahrain Grand Prix
4,NOR,5.0,97.794,31.258,42.379,24.157,SOFT,8.0,1.0,1,True,True,1,2024,Bahrain Grand Prix
4,NOR,6.0,97.896,31.027,42.622,24.247,SOFT,9.0,1.0,1,False,True,1,2024,Bahrain Grand Prix
4,NOR,7.0,97.86,31.074,42.514,24.272,SOFT,10.0,1.0,1,False,True,1,2024,Bahrain Grand Prix
4,NOR,8.0,98.134,31.171,42.688,24.275,SOFT,11.0,1.0,1,False,True,1,2024,Bahrain Grand Prix
4,NOR,9.0,98.064,31.051,42.721,24.292,SOFT,12.0,1.0,1,False,True,1,2024,Bahrain Grand Prix
4,NOR,10.0,97.936,31.019,42.563,24.354,SOFT,13.0,1.0,12,False,True,1,2024,Bahrain Grand Prix
4,NOR,11.0,98.172,31.163,42.74,24.269,SOFT,14.0,1.0,1,False,True,1,2024,Bahrain Grand Prix
4,NOR,12.0,98.082,31.232,42.561,24.289,SOFT,15.0,1.0,1,False,True,1,2024,Bahrain Grand Prix
4,NOR,15.0,96.912,31.011,42.058,23.843,HARD,2.0,2.0,1,True,True,1,2024,Bahrain Grand Prix
4,NOR,16.0,96.565,30.716,42.031,23.818,HARD,3.0,2.0,1,True,True,1,2024,Bahrain Grand Prix
4,NOR,17.0,96.776,31.049,41.973,23.754,HARD,4.0,2.0,1,False,True,1,2024,Bahrain Grand Prix
4,NOR,18.0,96.508,30.803,41.777,23.928,HARD,5.0,2.0,1,True,True,1,2024,Bahrain Grand Prix
4,NOR,19.0,96.416,30.87,41.774,23.772,HARD,6.0,2.0,1,True,True,1,2024,Bahrain Grand Prix
4,NOR,20.0,96.501,30.817,41.871,23.813,HARD,7.0,2.0,1,False,True,1,2024,Bahrain Grand Prix
4,NOR,21.0,96.62,30.889,41.825,23.906,HARD,8.0,2.0,1,False,True,1,2024,Bahrain Grand Prix
4,NOR,22.0,96.668,30.839,41.822,24.007,HARD,9.0,2.0,1,False,True,1,2024,Bahrain Grand Prix
4,NOR,23.0,96.696,30.92,41.877,23.899,HARD,10.0,2.0,1,False,True,1,2024,Bahrain Grand Prix
4,NOR,24.0,96.823,30.89,42.047,23.886,HARD,11.0,2.0,1,False,True,1,2024,Bahrain Grand Prix
4,NOR,25.0,96.73,30.923,41.924,23.883,HARD,12.0,2.0,1,False,True,1,2024,Bahrain Grand Prix
4,NOR,26.0,96.566,30.845,41.878,23.843,HARD,13.0,2.0,1,False,True,1,2024,Bahrain Grand Prix
4,NOR,27.0,96.726,30.873,41.939,23.914,HARD,14.0,2.0,1,False,True,1,2024,Bahrain Grand Prix
4,NOR,28.0,97.018,30.98,41.984,24.054,HARD,15.0,2.0,1,False,True,1,2024,Bahrain Grand Prix
4,NOR,29.0,97.041,30.879,42.16,24.002,HARD,16.0,2.0,1,False,True,1,2024,Bahrain Grand Prix
4,NOR,30.0,96.986,30.946,42.076,23.964,HARD,17.0,2.0,1,False,True,1,2024,Bahrain Grand Prix
4,NOR,31.0,97.083,30.944,42.127,24.012,HARD,18.0,2.0,1,False,True,1,2024,Bahrain Grand Prix
4,NOR,32.0,97.171,30.994,42.14,24.037,HARD,19.0,2.0,1,False,True,1,2024,Bahrain Grand Prix
4,NOR,35.0,94.476,30.32,40.838,23.318,HARD,2.0,3.0,1,True,True,1,2024,Bahrain Grand Prix
4,NOR,36.0,95.69,30.162,42.072,23.456,HARD,3.0,3.0,1,False,True,1,2024,Bahrain Grand Prix
4,NOR,37.0,95.067,30.355,41.339,23.373,HARD,4.0,3.0,1,False,True,1,2024,Bahrain Grand Prix
4,NOR,38.0,95.149,30.48,41.161,23.508,HARD,5.0,3.0,1,False,True,1,2024,Bahrain Grand Prix
4,NOR,39.0,94.88,30.35,41.047,23.483,HARD,6.0,3.0,1,False,True,1,2024,Bahrain Grand Prix
4,NOR,40.0,95.276,30.366,41.222,23.688,HARD,7.0,3.0,1,False,True,1,2024,Bahrain Grand Prix
4,NOR,41.0,95.069,30.318,41.261,23.49,HARD,8.0,3.0,1,False,True,1,2024,Bahrain Grand Prix
4,NOR,42.0,95.165,30.402,41.212,23.551,HARD,9.0,3.0,1,False,True,1,2024,Bahrain Grand Prix
4,NOR,43.0,95.295,30.462,41.196,23.637,HARD,10.0,3.0,1,False,True,1,2024,Bahrain Grand Prix
4,NOR,44.0,95.346,30.488,41.267,23.591,HARD,11.0,3.0,1,False,True,1,2024,Bahrain Grand Prix
4,NOR,45.0,95.338,30.468,41.24,23.63,HARD,12.0,3.0,1,False,True,1,2024,Bahrain Grand Prix
4,NOR,46.0,95.371,30.485,41.244,23.642,HARD,13.0,3.0,1,False,True,1,2024,Bahrain Grand Prix
4,NOR,47.0,95.485,30.546,41.341,23.598,HARD,14.0,3.0,1,False,True,1,2024,Bahrain Grand Prix
4,NOR,48.0,95.717,30.638,41.369,23.71,HARD,15.0,3.0,1,False,True,1,2024,Bahrain Grand Prix
4,NOR,49.0,95.674,30.64,41.34,23.694,HARD,16.0,3.0,1,False,True,1,2024,Bahrain Grand Prix
4,NOR,50.0,95.657,30.563,41.375,23.719,HARD,17.0,3.0,1,False,True,1,2024,Bahrain Grand Prix
4,NOR,51.0,96.038,30.786,41.516,23.736,HARD,18.0,3.0,1,False,True,1,2024,Bahrain Grand Prix
4,NOR,52.0,95.922,30.655,41.461,23.806,HARD,19.0,3.0,1,False,True,1,2024,Bahrain Grand Prix
4,NOR,53.0,95.782,30.666,41.392,23.724,HARD,20.0,3.0,1,False,True,1,2024,Bahrain Grand Prix
4,NOR,54.0,95.934,30.672,41.387,23.875,HARD,21.0,3.0,1,False,True,1,2024,Bahrain Grand Prix
4,NOR,55.0,96.223,31.035,41.372,23.816,HARD,22.0,3.0,1,False,True,1,2024,Bahrain Grand Prix
4,NOR,56.0,95.976,30.691,41.471,23.814,HARD,23.0,3.0,1,False,True,1,2024,Bahrain Grand Prix
4,NOR,57.0,96.582,30.771,41.992,23.819,HARD,24.0,3.0,1,False,True,1,2024,Bahrain Grand Prix
44,HAM,2.0,98.273,31.287,42.893,24.093,SOFT,5.0,1.0,1,True,True,1,2024,Bahrain Grand Prix
44,HAM,3.0,98.303,31.062,43.099,24.142,SOFT,6.0,1.0,1,False,True,1,2024,Bahrain Grand Prix
44,HAM,4.0,98.287,30.983,43.146,24.158,SOFT,7.0,1.0,1,False,True,1,2024,Bahrain Grand Prix
44,HAM,5.0,98.35,31.14,43.01,24.2,SOFT,8.0,1.0,1,False,True,1,2024,Bahrain Grand Prix
44,HAM,6.0,98.183,31.124,42.887,24.172,SOFT,9.0,1.0,1,True,True,1,2024,Bahrain Grand Prix
44,HAM,7.0,97.839,30.829,42.823,24.187,SOFT,10.0,1.0,1,True,True,1,2024,Bahrain Grand Prix
44,HAM,8.0,98.221,31.079,42.886,24.256,SOFT,11.0,1.0,1,False,True,1,2024,Bahrain Grand Prix
44,HAM,9.0,98.645,31.088,43.171,24.386,SOFT,12.0,1.0,1,False,True,1,2024,Bahrain Grand Prix
44,HAM,10.0,98.037,30.931,42.821,24.285,SOFT,13.0,1.0,12,False,True,1,2024,Bahrain Grand Prix
44,HAM,11.0,98.236,31.279,42.819,24.138,SOFT,14.0,1.0,1,False,True,1,2024,Bahrain Grand Prix
44,HAM,14.0,97.178,31.073,42.404,23.701,HARD,2.0,2.0,1,True,True,1,2024,Bahrain Grand Prix
44,HAM,15.0,97.264,31.095,42.315,23.854,HARD,3.0,2.0,1,False,True,1,2024,Bahrain Grand Prix
44,HAM,16.0,97.091,31.165,42.207,23.719,HARD,4.0,2.0,1,True,True,1,2024,Bahrain Grand Prix
44,HAM,17.0,97.111,30.738,42.64,23.733,HARD,5.0,2.0,1,False,True,1,2024,Bahrain Grand Prix
44,HAM,18.0,96.85,30.825,42.221,23.804,HARD,6.0,2.0,1,True,True,1,2024,Bahrain Grand Prix
44,HAM,19.0,96.694,30.848,42.131,23.715,HARD,7.0,2.0,1,True,True,1,2024,Bahrain Grand Prix
44,HAM,20.0,96.264,30.768,41.794,23.702,HARD,8.0,2.0,1,True,True,1,2024,Bahrain Grand Prix
44,HAM,21.0,96.51,30.757,42.003,23.75,HARD,9.0,2.0,1,False,True,1,2024,Bahrain Grand Prix
44,HAM,22.0,96.633,30.733,42.141,23.759,HARD,10.0,2.0,1,False,True,1,2024,Bahrain Grand Prix
44,HAM,23.0,96.717,30.884,42.063,23.77,HARD,11.0,2.0,1,False,True,1,2024,Bahrain Grand Prix
44,HAM,24.0,96.666,30.826,42.1,23.74,HARD,12.0,2.0,1,False,True,1,2024,Bahrain Grand Prix
44,HAM,25.0,96.919,31.037,42.09,23.792,HARD,13.0,2.0,1,False,True,1,2024,Bahrain Grand Prix
44,HAM,26.0,96.714,30.847,42.095,23.772,HARD,14.0,2.0,1,False,True,1,2024,Bahrain Grand Prix
44,HAM,27.0,97.201,30.891,42.39,23.92,HARD,15.0,2.0,1,False,True,1,2024,Bahrain Grand Prix
44,HAM,28.0,96.692,30.907,41.948,23.837,HARD,16.0,2.0,1,False,True,1,2024,Bahrain Grand Prix
44,HAM,29.0,96.786,30.897,42.023,23.866,HARD,17.0,2.0,1,False,True,1,2024,Bahrain Grand Prix
44,HAM,30.0,97.244,30.945,42.37,23.929,HARD,18.0,2.0,1,False,True,1,2024,Bahrain Grand Prix
44,HAM,31.0,96.975,30.837,42.175,23.963,HARD,19.0,2.0,1,False,True,1,2024,Bahrain Grand Prix
44,HAM,32.0,97.325,31.076,42.235,24.014,HARD,20.0,2.0,1,False,True,1,2024,Bahrain Grand Prix
44,HAM,35.0,95.489,30.776,41.304,23.409,HARD,2.0,3.0,1,True,True,1,2024,Bahrain Grand Prix
44,HAM,36.0,95.279,30.303,41.653,23.323,HARD,3.0,3.0,1,True,True,1,2024,Bahrain Grand Prix
44,HAM,37.0,95.597,30.384,41.575,23.638,HARD,4.0,3.0,1,False,True,1,2024,Bahrain Grand Prix
44,HAM,38.0,94.966,30.06,41.423,23.483,HARD,5.0,3.0,1,True,True,1,2024,Bahrain Grand Prix
44,HAM,39.0,94.722,30.17,41.159,23.393,HARD,6.0,3.0,1,True,True,1,2024,Bahrain Grand Prix
44,HAM,40.0,95.041,30.443,41.198,23.4,HARD,7.0,3.0,1,False,True,1,2024,Bahrain Grand Prix
44,HAM,41.0,94.94,30.463,41.116,23.361,HARD,8.0,3.0,1,False,True,1,2024,Bahrain Grand Prix
44,HAM,42.0,94.996,30.426,41.13,23.44,HARD,9.0,3.0,1,False,True,1,2024,Bahrain Grand Prix
44,HAM,43.0,94.935,30.437,41.134,23.364,HARD,10.0,3.0,1,False,True,1,2024,Bahrain Grand Prix
44,HAM,44.0,95.169,30.494,41.229,23.446,HARD,11.0,3.0,1,False,True,1,2024,Bahrain Grand Prix
44,HAM,45.0,95.184,30.483,41.299,23.402,HARD,12.0,3.0,1,False,True,1,2024,Bahrain Grand Prix
44,HAM,46.0,95.285,30.569,41.258,23.458,HARD,13.0,3.0,1,False,True,1,2024,Bahrain Grand Prix
44,HAM,47.0,95.226,30.514,41.311,23.401,HARD,14.0,3.0,1,False,True,1,2024,Bahrain Grand Prix
44,HAM,48.0,96.165,30.691,41.926,23.548,HARD,15.0,3.0,1,False,True,1,2024,Bahrain Grand Prix
44,HAM,49.0,95.914,30.616,41.819,23.479,HARD,16.0,3.0,1,False,True,1,2024,Bahrain Grand Prix
44,HAM,50.0,95.612,30.655,41.454,23.503,HARD,17.0,3.0,1,False,True,1,2024,Bahrain Grand Prix
44,HAM,51.0,95.532,30.597,41.403,23.532,HARD,18.0,3.0,1,False,True,1,2024,Bahrain Grand Prix
44,HAM,52.0,95.479,30.578,41.382,23.519,HARD,19.0,3.0,1,False,True,1,2024,Bahrain Grand Prix
44,HAM,53.0,95.55,30.643,41.252,23.655,HARD,20.0,3.0,1,False,True,1,2024,Bahrain Grand Prix
44,HAM,54.0,95.974,30.792,41.706,23.476,HARD,21.0,3.0,1,False,True,1,2024,Bahrain Grand Prix
44,HAM,55.0,95.633,30.602,41.487,23.544,HARD,22.0,3.0,1,False,True,1,2024,Bahrain Grand Prix
44,HAM,56.0,95.706,30.597,41.564,23.545,HARD,23.0,3.0,1,False,True,1,2024,Bahrain Grand Prix
44,HAM,57.0,96.138,30.687,41.847,23.604,HARD,24.0,3.0,1,False,True,1,2024,Bahrain Grand Prix
81,PIA,2.0,98.382,31.429,42.789,24.164,SOFT,5.0,1.0,1,True,True,1,2024,Bahrain Grand Prix
81,PIA,3.0,98.258,31.147,42.993,24.118,SOFT,6.0,1.0,1,True,True,1,2024,Bahrain Grand Prix
81,PIA,4.0,97.897,31.113,42.572,24.212,SOFT,7.0,1.0,1,True,True,1,2024,Bahrain Grand Prix
81,PIA,5.0,97.859,30.894,42.78,24.185,SOFT,8.0,1.0,1,True,True,1,2024,Bahrain Grand Prix
81,PIA,6.0,97.955,31.412,42.35,24.193,SOFT,9.0,1.0,1,False,True,1,2024,Bahrain Grand Prix
81,PIA,7.0,97.984,31.164,42.581,24.239,SOFT,10.0,1.0,1,False,True,1,2024,Bahrain Grand Prix
81,PIA,8.0,97.956,31.179,42.533,24.244,SOFT,11.0,1.0,1,False,True,1,2024,Bahrain Grand Prix
81,PIA,9.0,98.096,31.211,42.534,24.351,SOFT,12.0,1.0,1,False,True,1,2024,Bahrain Grand Prix
81,PIA,10.0,98.073,31.294,42.462,24.317,SOFT,13.0,1.0,12,False,True,1,2024,Bahrain Grand Prix
81,PIA,11.0,98.397,31.276,42.727,24.394,SOFT,14.0,1.0,1,False,True,1,2024,Bahrain Grand Prix
81,PIA,14.0,96.796,30.92,42.057,23.819,HARD,2.0,2.0,1,True,True,1,2024,Bahrain Grand Prix
81,PIA,15.0,96.823,31.008,41.928,23.887,HARD,3.0,2.0,1,False,True,1,2024,Bahrain Grand Prix
81,PIA,16.0,96.427,30.706,41.849,23.872,HARD,4.0,2.0,1,True,True,1,2024,Bahrain Grand Prix
81,PIA,17.0,96.872,30.863,42.13,23.879,HARD,5.0,2.0,1,False,True,1,2024,Bahrain Grand Prix
81,PIA,18.0,97.095,30.958,42.15,23.987,HARD,6.0,2.0,1,False,True,1,2024,Bahrain Grand Prix
81,PIA,19.0,96.577,30.84,41.863,23.874,HARD,7.0,2.0,1,False,True,1,2024,Bahrain Grand Prix
81,PIA,20.0,96.644,30.982,41.794,23.868,HARD,8.0,2.0,1,False,True,1,2024,Bahrain Grand Prix
81,PIA,21.0,96.733,30.904,41.943,23.886,HARD,9.0,2.0,1,False,True,1,2024,Bahrain Grand Prix
81,PIA,22.0,96.555,30.87,41.812,23.873,HARD,10.0,2.0,1,False,True,1,2024,Bahrain Grand Prix
81,PIA,23.0,96.68,30.953,41.883,23.844,HARD,11.0,2.0,1,False,True,1,2024,Bahrain Grand Prix
81,PIA,24.0,96.884,31.104,41.813,23.967,HARD,12.0,2.0,1,False,True,1,2024,Bahrain Grand Prix
81,PIA,25.0,97.008,31.017,42.028,23.963,HARD,13.0,2.0,1,False,True,1,2024,Bahrain Grand Prix
81,PIA,26.0,96.882,30.94,42.004,23.938,HARD,14.0,2.0,1,False,True,1,2024,Bahrain Grand Prix
81,PIA,27.0,96.905,31.034,41.892,23.979,HARD,15.0,2.0,1,False,True,1,2024,Bahrain Grand Prix
81,PIA,28.0,96.905,31.028,41.888,23.989,HARD,16.0,2.0,1,False,True,1,2024,Bahrain Grand Prix
81,PIA,29.0,97.179,31.07,42.068,24.041,HARD,17.0,2.0,1,False,True,1,2024,Bahrain Grand Prix
81,PIA,30.0,97.177,31.02,42.067,24.09,HARD,18.0,2.0,1,False,True,1,2024,Bahrain Grand Prix
81,PIA,31.0,97.57,30.979,42.516,24.075,HARD,19.0,2.0,1,False,True,1,2024,Bahrain Grand Prix
81,PIA,32.0,97.163,30.956,42.2,24.007,HARD,20.0,2.0,1,False,True,1,2024,Bahrain Grand Prix
81,PIA,33.0,97.088,31.023,42.039,24.026,HARD,21.0,2.0,1,False,True,1,2024,Bahrain Grand Prix
81,PIA,36.0,95.153,30.577,41.125,23.451,HARD,2.0,3.0,1,True,True,1,2024,Bahrain Grand Prix
81,PIA,37.0,94.774,30.469,40.772,23.533,HARD,3.0,3.0,1,False,True,1,2024,Bahrain Grand Prix
81,PIA,38.0,95.298,30.613,41.055,23.63,HARD,4.0,3.0,1,False,True,1,2024,Bahrain Grand Prix
81,PIA,39.0,94.983,30.196,41.091,23.696,HARD,5.0,3.0,1,True,True,1,2024,Bahrain Grand Prix
81,PIA,40.0,95.005,30.329,41.07,23.606,HARD,6.0,3.0,1,False,True,1,2024,Bahrain Grand Prix
81,PIA,41.0,95.109,30.504,41.055,23.55,HARD,7.0,3.0,1,False,True,1,2024,Bahrain Grand Prix
81,PIA,42.0,95.341,30.605,41.21,23.526,HARD,8.0,3.0,1,False,True,1,2024,Bahrain Grand Prix
81,PIA,43.0,95.258,30.52,41.188,23.55,HARD,9.0,3.0,1,False,True,1,2024,Bahrain Grand Prix
81,PIA,44.0,95.238,30.489,41.161,23.588,HARD,10.0,3.0,1,False,True,1,2024,Bahrain Grand Prix
81,PIA,45.0,95.306,30.589,41.14,23.577,HARD,11.0,3.0,1,False,True,1,2024,Bahrain Grand Prix
81,PIA,46.0,95.296,30.594,41.178,23.524,HARD,12.0,3.0,1,False,True,1,2024,Bahrain Grand Prix
81,PIA,47.0,95.376,30.504,41.194,23.678,HARD,13.0,3.0,1,False,True,1,2024,Bahrain Grand Prix
81,PIA,48.0,95.702,30.651,41.365,23.686,HARD,14.0,3.0,1,False,True,1,2024,Bahrain Grand Prix
81,PIA,49.0,95.653,30.619,41.313,23.721,HARD,15.0,3.0,1,False,True,1,2024,Bahrain Grand Prix
81,PIA,50.0,95.984,30.79,41.405,23.789,HARD,16.0,3.0,1,False,True,1,2024,Bahrain Grand Prix
81,PIA,51.0,95.8,30.74,41.312,23.748,HARD,17.0,3.0,1,False,True,1,2024,Bahrain Grand Prix
81,PIA,52.0,96.024,30.765,41.526,23.733,HARD,18.0,3.0,1,False,True,1,2024,Bahrain Grand Prix
81,PIA,53.0,95.739,30.77,41.299,23.67,HARD,19.0,3.0,1,False,True,1,2024,Bahrain Grand Prix
81,PIA,54.0,96.107,30.976,41.431,23.7,HARD,20.0,3.0,1,False,True,1,2024,Bahrain Grand Prix
81,PIA,55.0,95.973,30.879,41.373,23.721,HARD,21.0,3.0,1,False,True,1,2024,Bahrain Grand Prix
81,PIA,56.0,96.1,30.82,41.515,23.765,HARD,22.0,3.0,1,False,True,1,2024,Bahrain Grand Prix
81,PIA,57.0,95.92,30.738,41.401,23.781,HARD,23.0,3.0,1,False,True,1,2024,Bahrain Grand Prix
14,ALO,2.0,98.02,31.203,42.896,23.921,SOFT,5.0,1.0,1,True,True,1,2024,Bahrain Grand Prix
14,ALO,3.0,99.046,32.068,42.719,24.259,SOFT,6.0,1.0,1,False,True,1,2024,Bahrain Grand Prix
14,ALO,4.0,97.776,30.951,42.58,24.245,SOFT,7.0,1.0,1,True,True,1,2024,Bahrain Grand Prix
14,ALO,5.0,99.292,32.063,42.806,24.423,SOFT,8.0,1.0,1,False,True,1,2024,Bahrain Grand Prix
14,ALO,6.0,98.053,31.076,42.676,24.301,SOFT,9.0,1.0,1,False,True,1,2024,Bahrain Grand Prix
14,ALO,7.0,98.008,30.905,42.7,24.403,SOFT,10.0,1.0,1,False,True,1,2024,Bahrain Grand Prix
14,ALO,8.0,98.103,31.024,42.689,24.39,SOFT,11.0,1.0,1,False,True,1,2024,Bahrain Grand Prix
14,ALO,9.0,98.896,31.464,43.036,24.396,SOFT,12.0,1.0,1,False,True,1,2024,Bahrain Grand Prix
14,ALO,10.0,99.325,31.635,43.162,24.528,SOFT,13.0,1.0,12,False,True,1,2024,Bahrain Grand Prix
14,ALO,11.0,98.554,31.043,42.972,24.539,SOFT,14.0,1.0,1,False,True,1,2024,Bahrain Grand Prix
14,ALO,12.0,98.543,30.932,43.035,24.576,SOFT,15.0,1.0,1,False,True,1,2024,Bahrain Grand Prix
14,ALO,13.0,98.587,31.446,42.808,24.333,SOFT,16.0,1.0,1,False,True,1,2024,Bahrain Grand Prix
14,ALO,14.0,98.612,31.516,42.741,24.355,SOFT,17.0,1.0,1,False,True,1,2024,Bahrain Grand Prix
14,ALO,17.0,96.97,30.546,42.572,23.852,HARD,2.0,2.0,1,True,True,1,2024,Bahrain Grand Prix
14,ALO,18.0,97.361,31.136,42.381,23.844,HARD,3.0,2.0,1,False,True,1,2024,Bahrain Grand Prix
14,ALO,19.0,97.072,30.967,42.236,23.869,HARD,4.0,2.0,1,False,True,1,2024,Bahrain Grand Prix
14,ALO,20.0,97.357,31.08,42.304,23.973,HARD,5.0,2.0,1,False,True,1,2024,Bahrain Grand Prix
14,ALO,21.0,97.342,30.978,42.385,23.979,HARD,6.0,2.0,1,False,True,1,2024,Bahrain Grand Prix
14,ALO,22.0,97.122,30.882,42.371,23.869,HARD,7.0,2.0,1,False,True,1,2024,Bahrain Grand Prix
14,ALO,23.0,97.265,30.946,42.451,23.868,HARD,8.0,2.0,1,False,True,1,2024,Bahrain Grand Prix
14,ALO,24.0,97.046,30.836,42.303,23.907,HARD,9.0,2.0,1,False,True,1,2024,Bahrain Grand Prix
14,ALO,25.0,97.179,30.925,42.232,24.022,HARD,10.0,2.0,1,False,True,1,2024,Bahrain Grand Prix
14,ALO,26.0,97.638,31.295,42.393,23.95,HARD,11.0,2.0,1,False,True,1,2024,Bahrain Grand Prix
14,ALO,27.0,96.945,31.0,42.032,23.913,HARD,12.0,2.0,1,True,True,1,2024,Bahrain Grand Prix
14,ALO,28.0,97.256,31.091,42.208,23.957,HARD,13.0,2.0,1,False,True,1,2024,Bahrain Grand Prix
14,ALO,29.0,97.104,30.948,42.237,23.919,HARD,14.0,2.0,1,False,True,1,2024,Bahrain Grand Prix
14,ALO,30.0,96.982,30.976,42.05,23.956,HARD,15.0,2.0,1,False,True,1,2024,Bahrain Grand Prix
14,ALO,31.0,96.957,30.866,42.192,23.899,HARD,16.0,2.0,1,False,True,1,2024,Bahrain Grand Prix
14,ALO,32.0,97.056,31.023,42.0,24.033,HARD,17.0,2.0,1,False,True,1,2024,Bahrain Grand Prix
14,ALO,33.0,97.202,31.106,42.136,23.96,HARD,18.0,2.0,1,False,True,1,2024,Bahrain Grand Prix
14,ALO,34.0,97.601,31.211,42.33,24.06,HARD,19.0,2.0,1,False,True,1,2024,Bahrain Grand Prix
14,ALO,35.0,97.273,31.078,42.219,23.976,HARD,20.0,2.0,1,False,True,1,2024,Bahrain Grand Prix
14,ALO,36.0,98.343,31.245,42.631,24.467,HARD,21.0,2.0,1,False,True,1,2024,Bahrain Grand Prix
14,ALO,37.0,96.799,30.5,42.284,24.015,HARD,22.0,2.0,1,True,True,1,2024,Bahrain Grand Prix
14,ALO,38.0,97.297,30.952,42.212,24.133,HARD,23.0,2.0,1,False,True,1,2024,Bahrain Grand Prix
14,ALO,39.0,97.946,31.253,42.438,24.255,HARD,24.0,2.0,1,False,True,1,2024,Bahrain Grand Prix
14,ALO,40.0,98.061,31.525,42.36,24.176,HARD,25.0,2.0,1,False,True,1,2024,Bahrain Grand Prix
14,ALO,43.0,95.107,30.517,41.055,23.535,HARD,2.0,3.0,1,True,True,1,2024,Bahrain Grand Prix
14,ALO,44.0,94.981,30.334,41.382,23.265,HARD,3.0,3.0,1,True,True,1,2024,Bahrain Grand Prix
14,ALO,45.0,94.872,30.536,41.011,23.325,HARD,4.0,3.0,1,True,True,1,2024,Bahrain Grand Prix
14,ALO,46.0,95.126,30.468,41.232,23.426,HARD,5.0,3.0,1,False,True,1,2024,Bahrain Grand Prix
14,ALO,47.0,95.225,30.596,41.183,23.446,HARD,6.0,3.0,1,False,True,1,2024,Bahrain Grand Prix
14,ALO,48.0,94.199,30.046,40.806,23.347,HARD,7.0,3.0,1,True,True,1,2024,Bahrain Grand Prix
14,ALO,49.0,94.571,30.4,40.783,23.388,HARD,8.0,3.0,1,False,True,1,2024,Bahrain Grand Prix
14,ALO,50.0,94.677,30.453,40.794,23.43,HARD,9.0,3.0,1,False,True,1,2024,Bahrain Grand Prix
14,ALO,51.0,94.916,30.543,40.924,23.449,HARD,10.0,3.0,1,False,True,1,2024,Bahrain Grand Prix
14,ALO,52.0,94.862,30.447,40.963,23.452,HARD,11.0,3.0,1,False,True,1,2024,Bahrain Grand Prix
14,ALO,53.0,95.249,30.498,41.106,23.645,HARD,12.0,3.0,1,False,True,1,2024,Bahrain Grand Prix
14,ALO,54.0,95.745,30.701,41.444,23.6,HARD,13.0,3.0,1,False,True,1,2024,Bahrain Grand Prix
14,ALO,55.0,95.066,30.478,41.126,23.462,HARD,14.0,3.0,1,False,True,1,2024,Bahrain Grand Prix
14,ALO,56.0,95.014,30.405,41.122,23.487,HARD,15.0,3.0,1,False,True,1,2024,Bahrain Grand Prix
14,ALO,57.0,95.276,30.59,41.134,23.552,HARD,16.0,3.0,1,False,True,1,2024,Bahrain Grand Prix
18,STR,2.0,97.987,31.319,42.653,24.015,SOFT,2.0,1.0,1,True,True,1,2024,Bahrain Grand Prix
18,STR,3.0,98.279,31.279,42.79,24.21,SOFT,3.0,1.0,1,False,True,1,2024,Bahrain Grand Prix
18,STR,4.0,98.364,30.944,43.227,24.193,SOFT,4.0,1.0,1,False,True,1,2024,Bahrain Grand Prix
18,STR,5.0,98.725,30.987,43.577,24.161,SOFT,5.0,1.0,1,False,True,1,2024,Bahrain Grand Prix
18,STR,6.0,98.925,31.554,43.188,24.183,SOFT,6.0,1.0,1,False,True,1,2024,Bahrain Grand Prix
18,STR,7.0,98.769,31.302,43.186,24.281,SOFT,7.0,1.0,1,False,True,1,2024,Bahrain Grand Prix
18,STR,8.0,98.857,30.963,43.37,24.524,SOFT,8.0,1.0,1,False,True,1,2024,Bahrain Grand Prix
18,STR,11.0,96.494,30.684,42.077,23.733,HARD,2.0,2.0,1,True,True,1,2024,Bahrain Grand Prix
18,STR,12.0,97.175,30.961,42.338,23.876,HARD,3.0,2.0,1,False,True,1,2024,Bahrain Grand Prix
18,STR,13.0,97.289,30.988,42.395,23.906,HARD,4.0,2.0,1,False,True,1,2024,Bahrain Grand Prix
18,STR,14.0,97.624,31.039,42.588,23.997,HARD,5.0,2.0,1,False,True,1,2024,Bahrain Grand Prix
18,STR,15.0,97.533,30.928,42.631,23.974,HARD,6.0,2.0,1,False,True,1,2024,Bahrain Grand Prix
18,STR,16.0,98.027,31.238,42.753,24.036,HARD,7.0,2.0,1,False,True,1,2024,Bahrain Grand Prix
18,STR,17.0,98.777,31.663,42.958,24.156,HARD,8.0,2.0,1,False,True,1,2024,Bahrain Grand Prix
18,STR,18.0,97.417,30.775,42.503,24.139,HARD,9.0,2.0,1,False,True,1,2024,Bahrain Grand Prix
18,STR,19.0,97.554,30.774,42.598,24.182,HARD,10.0,2.0,1,False,True,1,2024,Bahrain Grand Prix
18,STR,20.0,97.859,31.219,42.499,24.141,HARD,11.0,2.0,1,False,True,1,2024,Bahrain Grand Prix
18,STR,21.0,98.022,31.191,42.686,24.145,HARD,12.0,2.0,1,False,True,1,2024,Bahrain Grand Prix
18,STR,22.0,98.175,31.109,42.935,24.131,HARD,13.0,2.0,1,False,True,1,2024,Bahrain Grand Prix
18,STR,23.0,97.826,31.057,42.668,24.101,HARD,14.0,2.0,1,False,True,1,2024,Bahrain Grand Prix
18,STR,24.0,98.138,31.071,42.831,24.236,HARD,15.0,2.0,1,False,True,1,2024,Bahrain Grand Prix
18,STR,25.0,97.994,31.105,42.77,24.119,HARD,16.0,2.0,1,False,True,1,2024,Bahrain Grand Prix
18,STR,26.0,98.133,31.156,42.759,24.218,HARD,17.0,2.0,1,False,True,1,2024,Bahrain Grand Prix
18,STR,29.0,95.854,30.749,41.609,23.496,HARD,2.0,3.0,1,True,True,1,2024,Bahrain Grand Prix
18,STR,30.0,95.632,30.429,41.682,23.521,HARD,3.0,3.0,1,True,True,1,2024,Bahrain Grand Prix
18,STR,31.0,96.202,30.622,41.79,23.79,HARD,4.0,3.0,1,False,True,1,2024,Bahrain Grand Prix
18,STR,32.0,95.821,30.248,41.8,23.773,HARD,5.0,3.0,1,False,True,1,2024,Bahrain Grand Prix
18,STR,33.0,96.349,30.607,42.088,23.654,HARD,6.0,3.0,1,False,True,1,2024,Bahrain Grand Prix
18,STR,34.0,96.332,30.969,41.709,23.654,HARD,7.0,3.0,1,False,True,1,2024,Bahrain Grand Prix
18,STR,35.0,96.242,30.837,41.766,23.639,HARD,8.0,3.0,1,False,True,1,2024,Bahrain Grand Prix
18,STR,36.0,96.086,30.694,41.748,23.644,HARD,9.0,3.0,1,False,True,1,2024,Bahrain Grand Prix
18,STR,37.0,95.987,30.676,41.775,23.536,HARD,10.0,3.0,1,False,True,1,2024,Bahrain Grand Prix
18,STR,38.0,96.364,30.776,41.926,23.662,HARD,11.0,3.0,1,False,True,1,2024,Bahrain Grand Prix
18,STR,39.0,96.353,30.792,41.959,23.602,HARD,12.0,3.0,1,False,True,1,2024,Bahrain Grand Prix
18,STR,40.0,96.485,30.896,41.927,23.662,HARD,13.0,3.0,1,False,True,1,2024,Bahrain Grand Prix
18,STR,41.0,96.322,30.877,41.749,23.696,HARD,14.0,3.0,1,False,True,1,2024,Bahrain Grand Prix
18,STR,42.0,96.343,30.774,41.917,23.652,HARD,15.0,3.0,1,False,True,1,2024,Bahrain Grand Prix
18,STR,43.0,96.304,30.843,41.859,23.602,HARD,16.0,3.0,1,False,True,1,2024,Bahrain Grand Prix
18,STR,44.0,96.564,30.788,42.023,23.753,HARD,17.0,3.0,1,False,True,1,2024,Bahrain Grand Prix
18,STR,45.0,96.243,30.712,41.834,23.697,HARD,18.0,3.0,1,False,True,1,2024,Bahrain Grand Prix
18,STR,46.0,96.379,30.808,41.882,23.689,HARD,19.0,3.0,1,False,True,1,2024,Bahrain Grand Prix
18,STR,47.0,96.298,30.835,41.744,23.719,HARD,20.0,3.0,1,False,True,1,2024,Bahrain Grand Prix
18,STR,48.0,97.325,31.346,42.156,23.823,HARD,21.0,3.0,1,False,True,1,2024,Bahrain Grand Prix
18,STR,49.0,96.871,30.92,42.119,23.832,HARD,22.0,3.0,1,False,True,1,2024,Bahrain Grand Prix
18,STR,50.0,96.541,30.808,41.978,23.755,HARD,23.0,3.0,1,False,True,1,2024,Bahrain Grand Prix
18,STR,51.0,96.763,30.882,42.075,23.806,HARD,24.0,3.0,1,False,True,1,2024,Bahrain Grand Prix
18,STR,52.0,96.934,31.144,42.016,23.774,HARD,25.0,3.0,1,False,True,1,2024,Bahrain Grand Prix
18,STR,53.0,96.64,30.894,42.017,23.729,HARD,26.0,3.0,1,False,True,1,2024,Bahrain Grand Prix
18,STR,54.0,96.693,30.938,41.971,23.784,HARD,27.0,3.0,1,False,True,1,2024,Bahrain Grand Prix
18,STR,55.0,96.68,30.92,41.999,23.761,HARD,28.0,3.0,1,False,True,1,2024,Bahrain Grand Prix
18,STR,56.0,96.582,30.87,41.951,23.761,HARD,29.0,3.0,1,False,True,1,2024,Bahrain Grand Prix
18,STR,57.0,97.335,30.994,42.237,24.104,HARD,30.0,3.0,1,False,True,1,2024,Bahrain Grand Prix
24,ZHO,2.0,98.92,31.452,43.135,24.333,SOFT,2.0,1.0,1,True,True,1,2024,Bahrain Grand Prix
24,ZHO,3.0,98.582,31.044,43.084,24.454,SOFT,3.0,1.0,1,True,True,1,2024,Bahrain Grand Prix
24,ZHO,4.0,98.428,30.977,43.004,24.447,SOFT,4.0,1.0,1,True,True,1,2024,Bahrain Grand Prix
24,ZHO,5.0,98.798,31.116,43.178,24.504,SOFT,5.0,1.0,1,False,True,1,2024,Bahrain Grand Prix
24,ZHO,6.0,98.488,30.86,43.064,24.564,SOFT,6.0,1.0,1,False,True,1,2024,Bahrain Grand Prix
24,ZHO,7.0,99.517,31.488,43.47,24.559,SOFT,7.0,1.0,1,False,True,1,2024,Bahrain Grand Prix
24,ZHO,8.0,99.646,31.786,43.138,24.722,SOFT,8.0,1.0,1,False,True,1,2024,Bahrain Grand Prix
24,ZHO,11.0,96.365,30.815,41.738,23.812,HARD,2.0,2.0,1,True,True,1,2024,Bahrain Grand Prix
24,ZHO,12.0,96.995,31.006,42.207,23.782,HARD,3.0,2.0,1,False,True,1,2024,Bahrain Grand Prix
24,ZHO,13.0,97.436,30.982,42.435,24.019,HARD,4.0,2.0,1,False,True,1,2024,Bahrain Grand Prix
24,ZHO,14.0,97.482,31.086,42.431,23.965,HARD,5.0,2.0,1,False,True,1,2024,Bahrain Grand Prix
24,ZHO,15.0,97.5,31.03,42.429,24.041,HARD,6.0,2.0,1,False,True,1,2024,Bahrain Grand Prix
24,ZHO,16.0,97.659,31.166,42.398,24.095,HARD,7.0,2.0,1,False,True,1,2024,Bahrain Grand Prix
24,ZHO,17.0,98.475,31.431,42.856,24.188,HARD,8.0,2.0,1,False,True,1,2024,Bahrain Grand Prix
24,ZHO,18.0,97.552,30.919,42.585,24.048,HARD,9.0,2.0,1,False,True,1,2024,Bahrain Grand Prix
24,ZHO,19.0,97.652,30.887,42.658,24.107,HARD,10.0,2.0,1,False,True,1,2024,Bahrain Grand Prix
24,ZHO,20.0,97.749,31.239,42.477,24.033,HARD,11.0,2.0,1,False,True,1,2024,Bahrain Grand Prix
24,ZHO,21.0,97.947,31.22,42.705,24.022,HARD,12.0,2.0,1,False,True,1,2024,Bahrain Grand Prix
24,ZHO,22.0,97.852,31.171,42.584,24.097,HARD,13.0,2.0,1,False,True,1,2024,Bahrain Grand Prix
24,ZHO,23.0,97.788,31.092,42.647,24.049,HARD,14.0,2.0,1,False,True,1,2024,Bahrain Grand Prix
24,ZHO,24.0,97.894,31.14,42.602,24.152,HARD,15.0,2.0,1,False,True,1,2024,Bahrain Grand Prix
24,ZHO,25.0,97.883,31.246,42.532,24.105,HARD,16.0,2.0,1,False,True,1,2024,Bahrain Grand Prix
24,ZHO,26.0,97.995,31.266,42.658,24.071,HARD,17.0,2.0,1,False,True,1,2024,Bahrain Grand Prix
24,ZHO,27.0,98.053,31.367,42.594,24.092,HARD,18.0,2.0,1,False,True,1,2024,Bahrain Grand Prix
24,ZHO,30.0,95.458,30.674,41.19,23.594,HARD,2.0,3.0,1,True,True,1,2024,Bahrain Grand Prix
24,ZHO,31.0,96.297,30.846,41.644,23.807,HARD,3.0,3.0,1,False,True,1,2024,Bahrain Grand Prix
24,ZHO,32.0,96.048,30.646,41.735,23.667,HARD,4.0,3.0,1,False,True,1,2024,Bahrain Grand Prix
24,ZHO,33.0,97.971,31.535,42.387,24.049,HARD,5.0,3.0,1,False,True,1,2024,Bahrain Grand Prix
24,ZHO,34.0,96.518,30.678,41.938,23.902,HARD,6.0,3.0,1,False,True,1,2024,Bahrain Grand Prix
24,ZHO,35.0,96.546,30.612,41.954,23.98,HARD,7.0,3.0,1,False,True,1,2024,Bahrain Grand Prix
24,ZHO,36.0,96.931,31.09,41.967,23.874,HARD,8.0,3.0,1,False,True,1,2024,Bahrain Grand Prix
24,ZHO,37.0,96.805,30.874,42.13,23.801,HARD,9.0,3.0,1,False,True,1,2024,Bahrain Grand Prix
24,ZHO,38.0,96.857,30.915,42.149,23.793,HARD,10.0,3.0,1,False,True,1,2024,Bahrain Grand Prix
24,ZHO,39.0,96.637,30.904,42.006,23.727,HARD,11.0,3.0,1,False,True,1,2024,Bahrain Grand Prix
24,ZHO,40.0,96.683,30.839,42.094,23.75,HARD,12.0,3.0,1,False,True,1,2024,Bahrain Grand Prix
24,ZHO,41.0,96.695,30.827,42.096,23.772,HARD,13.0,3.0,1,False,True,1,2024,Bahrain Grand Prix
24,ZHO,42.0,96.652,31.038,41.86,23.754,HARD,14.0,3.0,1,False,True,1,2024,Bahrain Grand Prix
24,ZHO,43.0,96.771,30.877,42.071,23.823,HARD,15.0,3.0,1,False,True,1,2024,Bahrain Grand Prix
24,ZHO,44.0,97.417,31.361,42.115,23.941,HARD,16.0,3.0,1,False,True,1,2024,Bahrain Grand Prix
24,ZHO,45.0,96.68,30.867,41.919,23.894,HARD,17.0,3.0,1,False,True,1,2024,Bahrain Grand Prix
24,ZHO,46.0,96.741,30.966,41.922,23.853,HARD,18.0,3.0,1,False,True,1,2024,Bahrain Grand Prix
24,ZHO,47.0,96.561,30.934,41.792,23.835,HARD,19.0,3.0,1,False,True,1,2024,Bahrain Grand Prix
24,ZHO,48.0,96.654,30.98,41.82,23.854,HARD,20.0,3.0,1,False,True,1,2024,Bahrain Grand Prix
24,ZHO,49.0,96.72,30.9,41.995,23.825,HARD,21.0,3.0,1,False,True,1,2024,Bahrain Grand Prix
24,ZHO,50.0,96.792,31.035,41.87,23.887,HARD,22.0,3.0,1,False,True,1,2024,Bahrain Grand Prix
24,ZHO,51.0,97.042,31.065,42.026,23.951,HARD,23.0,3.0,1,False,True,1,2024,Bahrain Grand Prix
24,ZHO,52.0,97.394,31.205,42.19,23.999,HARD,24.0,3.0,1,False,True,1,2024,Bahrain Grand Prix
24,ZHO,53.0,97.141,31.11,42.136,23.895,HARD,25.0,3.0,1,False,True,1,2024,Bahrain Grand Prix
24,ZHO,54.0,98.389,31.253,43.116,24.02,HARD,26.0,3.0,1,False,True,1,2024,Bahrain Grand Prix
24,ZHO,55.0,97.383,31.123,42.185,24.075,HARD,27.0,3.0,1,False,True,1,2024,Bahrain Grand Prix
24,ZHO,56.0,97.333,31.22,42.156,23.957,HARD,28.0,3.0,1,False,True,1,2024,Bahrain Grand Prix
20,MAG,2.0,98.911,31.591,43.075,24.245,SOFT,2.0,1.0,1,True,True,1,2024,Bahrain Grand Prix
20,MAG,3.0,98.399,30.969,43.118,24.312,SOFT,3.0,1.0,1,True,True,1,2024,Bahrain Grand Prix
20,MAG,4.0,98.497,30.993,42.992,24.512,SOFT,4.0,1.0,1,False,True,1,2024,Bahrain Grand Prix
20,MAG,5.0,98.576,31.066,43.108,24.402,SOFT,5.0,1.0,1,False,True,1,2024,Bahrain Grand Prix
20,MAG,6.0,98.529,30.952,43.041,24.536,SOFT,6.0,1.0,1,False,True,1,2024,Bahrain Grand Prix
20,MAG,7.0,100.058,32.132,43.112,24.814,SOFT,7.0,1.0,1,False,True,1,2024,Bahrain Grand Prix
20,MAG,8.0,99.172,31.557,43.072,24.543,SOFT,8.0,1.0,1,False,True,1,2024,Bahrain Grand Prix
20,MAG,9.0,98.861,31.383,42.932,24.546,SOFT,9.0,1.0,1,False,True,1,2024,Bahrain Grand Prix
20,MAG,10.0,98.747,31.307,42.925,24.515,SOFT,10.0,1.0,12,False,True,1,2024,Bahrain Grand Prix
20,MAG,13.0,96.89,30.905,41.951,24.034,HARD,2.0,2.0,1,True,True,1,2024,Bahrain Grand Prix
20,MAG,14.0,97.59,30.826,42.424,24.34,HARD,3.0,2.0,1,False,True,1,2024,Bahrain Grand Prix
20,MAG,15.0,98.332,31.154,42.886,24.292,HARD,4.0,2.0,1,False,True,1,2024,Bahrain Grand Prix
20,MAG,16.0,97.749,30.774,42.696,24.279,HARD,5.0,2.0,1,False,True,1,2024,Bahrain Grand Prix
20,MAG,17.0,98.282,30.953,42.957,24.372,HARD,6.0,2.0,1,False,True,1,2024,Bahrain Grand Prix
20,MAG,18.0,97.583,30.69,42.526,24.367,HARD,7.0,2.0,1,False,True,1,2024,Bahrain Grand Prix
20,MAG,19.0,97.792,30.82,42.677,24.295,HARD,8.0,2.0,1,False,True,1,2024,Bahrain Grand Prix
20,MAG,20.0,98.062,31.168,42.636,24.258,HARD,9.0,2.0,1,False,True,1,2024,Bahrain Grand Prix
20,MAG,21.0,98.01,31.041,42.738,24.231,HARD,10.0,2.0,1,False,True,1,2024,Bahrain Grand Prix
20,MAG,22.0,98.147,31.214,42.628,24.305,HARD,11.0,2.0,1,False,True,1,2024,Bahrain Grand Prix
20,MAG,23.0,98.293,31.284,42.627,24.382,HARD,12.0,2.0,1,False,True,1,2024,Bahrain Grand Prix
20,MAG,24.0,98.156,31.155,42.693,24.308,HARD,13.0,2.0,1,False,True,1,2024,Bahrain Grand Prix
20,MAG,25.0,98.29,31.368,42.696,24.226,HARD,14.0,2.0,1,False,True,1,2024,Bahrain Grand Prix
20,MAG,26.0,98.093,31.173,42.528,24.392,HARD,15.0,2.0,1,False,True,1,2024,Bahrain Grand Prix
20,MAG,27.0,98.226,31.201,42.67,24.355,HARD,16.0,2.0,1,False,True,1,2024,Bahrain Grand Prix
20,MAG,28.0,97.936,31.209,42.495,24.232,HARD,17.0,2.0,1,False,True,1,2024,Bahrain Grand Prix
20,MAG,29.0,97.965,31.197,42.504,24.264,HARD,18.0,2.0,1,False,True,1,2024,Bahrain Grand Prix
20,MAG,30.0,98.04,31.138,42.655,24.247,HARD,19.0,2.0,1,False,True,1,2024,Bahrain Grand Prix
20,MAG,31.0,98.0,31.181,42.628,24.191,HARD,20.0,2.0,1,False,True,1,2024,Bahrain Grand Prix
20,MAG,34.0,95.57,30.532,41.409,23.629,HARD,2.0,3.0,1,True,True,1,2024,Bahrain Grand Prix
20,MAG,35.0,95.698,30.538,41.44,23.72,HARD,3.0,3.0,1,False,True,1,2024,Bahrain Grand Prix
20,MAG,36.0,95.851,30.227,41.898,23.726,HARD,4.0,3.0,1,False,True,1,2024,Bahrain Grand Prix
20,MAG,37.0,95.741,30.546,41.491,23.704,HARD,5.0,3.0,1,False,True,1,2024,Bahrain Grand Prix
20,MAG,38.0,96.042,30.724,41.576,23.742,HARD,6.0,3.0,1,False,True,1,2024,Bahrain Grand Prix
20,MAG,39.0,95.876,30.654,41.474,23.748,HARD,7.0,3.0,1,False,True,1,2024,Bahrain Grand Prix
20,MAG,40.0,96.071,30.623,41.738,23.71,HARD,8.0,3.0,1,False,True,1,2024,Bahrain Grand Prix
20,MAG,41.0,96.34,30.645,41.845,23.85,HARD,9.0,3.0,1,False,True,1,2024,Bahrain Grand Prix
20,MAG,42.0,96.31,30.72,41.743,23.847,HARD,10.0,3.0,1,False,True,1,2024,Bahrain Grand Prix
20,MAG,43.0,96.232,30.709,41.74,23.783,HARD,11.0,3.0,1,False,True,1,2024,Bahrain Grand Prix
20,MAG,44.0,96.249,30.647,41.679,23.923,HARD,12.0,3.0,1,False,True,1,2024,Bahrain Grand Prix
20,MAG,45.0,96.349,30.692,41.776,23.881,HARD,13.0,3.0,1,False,True,1,2024,Bahrain Grand Prix
20,MAG,46.0,96.446,30.713,41.779,23.954,HARD,14.0,3.0,1,False,True,1,2024,Bahrain Grand Prix
20,MAG,47.0,96.454,30.753,41.74,23.961,HARD,15.0,3.0,1,False,True,1,2024,Bahrain Grand Prix
20,MAG,48.0,96.679,30.865,41.817,23.997,HARD,16.0,3.0,1,False,True,1,2024,Bahrain Grand Prix
20,MAG,49.0,96.842,30.909,41.991,23.942,HARD,17.0,3.0,1,False,True,1,2024,Bahrain Grand Prix
20,MAG,50.0,97.035,30.969,42.041,24.025,HARD,18.0,3.0,1,False,True,1,2024,Bahrain Grand Prix
20,MAG,51.0,96.929,30.98,42.05,23.899,HARD,19.0,3.0,1,False,True,1,2024,Bahrain Grand Prix
20,MAG,52.0,96.93,30.91,41.964,24.056,HARD,20.0,3.0,1,False,True,1,2024,Bahrain Grand Prix
20,MAG,53.0,97.958,30.951,43.013,23.994,HARD,21.0,3.0,1,False,True,1,2024,Bahrain Grand Prix
20,MAG,54.0,96.89,30.682,42.093,24.115,HARD,22.0,3.0,1,False,True,1,2024,Bahrain Grand Prix
20,MAG,55.0,97.457,31.014,42.356,24.087,HARD,23.0,3.0,1,False,True,1,2024,Bahrain Grand Prix
20,MAG,56.0,97.584,31.04,42.465,24.079,HARD,24.0,3.0,1,False,True,1,2024,Bahrain Grand Prix
3,RIC,2.0,99.509,31.662,43.353,24.494,SOFT,5.0,1.0,1,True,True,1,2024,Bahrain Grand Prix
3,RIC,3.0,98.76,30.965,43.32,24.475,SOFT,6.0,1.0,1,True,True,1,2024,Bahrain Grand Prix
3,RIC,4.0,98.61,30.922,43.207,24.481,SOFT,7.0,1.0,1,True,True,1,2024,Bahrain Grand Prix
3,RIC,5.0,98.704,30.98,43.2,24.524,SOFT,8.0,1.0,1,False,True,1,2024,Bahrain Grand Prix
3,RIC,6.0,98.689,31.046,43.099,24.544,SOFT,9.0,1.0,1,False,True,1,2024,Bahrain Grand Prix
3,RIC,7.0,99.193,31.372,43.289,24.532,SOFT,10.0,1.0,1,False,True,1,2024,Bahrain Grand Prix
3,RIC,8.0,99.529,31.254,43.578,24.697,SOFT,11.0,1.0,1,False,True,1,2024,Bahrain Grand Prix
3,RIC,9.0,99.338,31.173,43.519,24.646,SOFT,12.0,1.0,1,False,True,1,2024,Bahrain Grand Prix
3,RIC,10.0,98.782,31.211,43.104,24.467,SOFT,13.0,1.0,12,False,True,1,2024,Bahrain Grand Prix
3,RIC,11.0,99.033,31.472,43.08,24.481,SOFT,14.0,1.0,1,False,True,1,2024,Bahrain Grand Prix
3,RIC,12.0,98.893,31.451,42.949,24.493,SOFT,15.0,1.0,1,False,True,1,2024,Bahrain Grand Prix
3,RIC,15.0,97.07,31.083,42.053,23.934,HARD,2.0,2.0,1,True,True,1,2024,Bahrain Grand Prix
3,RIC,16.0,97.176,30.966,42.237,23.973,HARD,3.0,2.0,1,False,True,1,2024,Bahrain Grand Prix
3,RIC,17.0,97.29,30.789,42.42,24.081,HARD,4.0,2.0,1,False,True,1,2024,Bahrain Grand Prix
3,RIC,18.0,97.7,30.949,42.517,24.234,HARD,5.0,2.0,1,False,True,1,2024,Bahrain Grand Prix
3,RIC,19.0,98.35,31.051,42.983,24.316,HARD,6.0,2.0,1,False,True,1,2024,Bahrain Grand Prix
3,RIC,20.0,97.865,31.036,42.538,24.291,HARD,7.0,2.0,1,False,True,1,2024,Bahrain Grand Prix
3,RIC,21.0,97.392,30.941,42.318,24.133,HARD,8.0,2.0,1,False,True,1,2024,Bahrain Grand Prix
3,RIC,22.0,97.75,31.102,42.461,24.187,HARD,9.0,2.0,1,False,True,1,2024,Bahrain Grand Prix
3,RIC,23.0,97.772,31.019,42.572,24.181,HARD,10.0,2.0,1,False,True,1,2024,Bahrain Grand Prix
3,RIC,24.0,97.766,30.983,42.559,24.224,HARD,11.0,2.0,1,False,True,1,2024,Bahrain Grand Prix
3,RIC,25.0,97.973,31.017,42.663,24.293,HARD,12.0,2.0,1,False,True,1,2024,Bahrain Grand Prix
3,RIC,26.0,98.029,30.982,42.682,24.365,HARD,13.0,2.0,1,False,True,1,2024,Bahrain Grand Prix
3,RIC,27.0,98.152,31.268,42.576,24.308,HARD,14.0,2.0,1,False,True,1,2024,Bahrain Grand Prix
3,RIC,28.0,98.045,31.076,42.66,24.309,HARD,15.0,2.0,1,False,True,1,2024,Bahrain Grand Prix
3,RIC,29.0,97.96,31.066,42.637,24.257,HARD,16.0,2.0,1,False,True,1,2024,Bahrain Grand Prix
3,RIC,30.0,97.978,31.075,42.576,24.327,HARD,17.0,2.0,1,False,True,1,2024,Bahrain Grand Prix
3,RIC,31.0,98.154,31.167,42.688,24.299,HARD,18.0,2.0,1,False,True,1,2024,Bahrain Grand Prix
3,RIC,32.0,98.025,31.075,42.662,24.288,HARD,19.0,2.0,1,False,True,1,2024,Bahrain Grand Prix
3,RIC,33.0,98.15,31.113,42.69,24.347,HARD,20.0,2.0,1,False,True,1,2024,Bahrain Grand Prix
3,RIC,34.0,98.246,31.246,42.766,24.234,HARD,21.0,2.0,1,False,True,1,2024,Bahrain Grand Prix
3,RIC,37.0,95.163,30.422,41.226,23.515,SOFT,2.0,3.0,1,True,True,1,2024,Bahrain Grand Prix
3,RIC,38.0,95.46,30.496,41.41,23.554,SOFT,3.0,3.0,1,False,True,1,2024,Bahrain Grand Prix
3,RIC,39.0,95.475,30.559,41.392,23.524,SOFT,4.0,3.0,1,False,True,1,2024,Bahrain Grand Prix
3,RIC,40.0,95.578,30.49,41.513,23.575,SOFT,5.0,3.0,1,False,True,1,2024,Bahrain Grand Prix
3,RIC,41.0,95.644,30.564,41.478,23.602,SOFT,6.0,3.0,1,False,True,1,2024,Bahrain Grand Prix
3,RIC,42.0,95.338,30.484,41.238,23.616,SOFT,7.0,3.0,1,False,True,1,2024,Bahrain Grand Prix
3,RIC,43.0,95.56,30.537,41.389,23.634,SOFT,8.0,3.0,1,False,True,1,2024,Bahrain Grand Prix
3,RIC,44.0,95.49,30.541,41.29,23.659,SOFT,9.0,3.0,1,False,True,1,2024,Bahrain Grand Prix
3,RIC,45.0,95.57,30.497,41.402,23.671,SOFT,10.0,3.0,1,False,True,1,2024,Bahrain Grand Prix
3,RIC,46.0,95.507,30.443,41.378,23.686,SOFT,11.0,3.0,1,False,True,1,2024,Bahrain Grand Prix
3,RIC,47.0,95.831,30.566,41.534,23.731,SOFT,12.0,3.0,1,False,True,1,2024,Bahrain Grand Prix
3,RIC,48.0,96.236,30.638,41.744,23.854,SOFT,13.0,3.0,1,False,True,1,2024,Bahrain Grand Prix
3,RIC,49.0,96.442,30.63,41.795,24.017,SOFT,14.0,3.0,1,False,True,1,2024,Bahrain Grand Prix
3,RIC,50.0,96.609,30.398,42.122,24.089,SOFT,15.0,3.0,1,False,True,1,2024,Bahrain Grand Prix
3,RIC,51.0,97.103,30.775,42.193,24.135,SOFT,16.0,3.0,1,False,True,1,2024,Bahrain Grand Prix
3,RIC,52.0,97.529,30.569,41.854,25.106,SOFT,17.0,3.0,1,False,True,1,2024,Bahrain Grand Prix
3,RIC,53.0,96.745,30.797,41.954,23.994,SOFT,18.0,3.0,1,False,True,1,2024,Bahrain Grand Prix
3,RIC,54.0,96.661,30.374,42.197,24.09,SOFT,19.0,3.0,1,False,True,1,2024,Bahrain Grand Prix
3,RIC,55.0,97.375,30.713,42.581,24.081,SOFT,20.0,3.0,1,False,True,1,2024,Bahrain Grand Prix
3,RIC,56.0,97.662,30.726,42.755,24.181,SOFT,21.0,3.0,1,False,True,1,2024,Bahrain Grand Prix
22,TSU,2.0,98.689,31.675,42.717,24.297,SOFT,2.0,1.0,1,True,True,1,2024,Bahrain Grand Prix
22,TSU,3.0,98.431,30.989,43.073,24.369,SOFT,3.0,1.0,1,True,True,1,2024,Bahrain Grand Prix
22,TSU,4.0,98.31,31.025,42.992,24.293,SOFT,4.0,1.0,1,True,True,1,2024,Bahrain Grand Prix
22,TSU,5.0,98.321,31.023,42.98,24.318,SOFT,5.0,1.0,1,False,True,1,2024,Bahrain Grand Prix
22,TSU,6.0,98.361,31.132,42.949,24.28,SOFT,6.0,1.0,1,False,True,1,2024,Bahrain Grand Prix
22,TSU,7.0,98.364,31.121,42.887,24.356,SOFT,7.0,1.0,1,False,True,1,2024,Bahrain Grand Prix
22,TSU,8.0,98.513,31.298,42.871,24.344,SOFT,8.0,1.0,1,False,True,1,2024,Bahrain Grand Prix
22,TSU,9.0,98.554,31.329,42.861,24.364,SOFT,9.0,1.0,1,False,True,1,2024,Bahrain Grand Prix
22,TSU,10.0,98.912,31.476,43.062,24.374,SOFT,10.0,1.0,12,False,True,1,2024,Bahrain Grand Prix
22,TSU,11.0,98.799,31.342,43.015,24.442,SOFT,11.0,1.0,1,False,True,1,2024,Bahrain Grand Prix
22,TSU,12.0,98.769,31.398,43.001,24.37,SOFT,12.0,1.0,1,False,True,1,2024,Bahrain Grand Prix
22,TSU,13.0,98.86,31.511,42.985,24.364,SOFT,13.0,1.0,1,False,True,1,2024,Bahrain Grand Prix
22,TSU,16.0,97.516,30.895,42.677,23.944,HARD,2.0,2.0,1,True,True,1,2024,Bahrain Grand Prix
22,TSU,17.0,97.482,30.908,42.625,23.949,HARD,3.0,2.0,1,True,True,1,2024,Bahrain Grand Prix
22,TSU,18.0,97.359,30.973,42.336,24.05,HARD,4.0,2.0,1,True,True,1,2024,Bahrain Grand Prix
22,TSU,19.0,97.396,31.096,42.262,24.038,HARD,5.0,2.0,1,False,True,1,2024,Bahrain Grand Prix
22,TSU,20.0,97.766,31.229,42.359,24.178,HARD,6.0,2.0,1,False,True,1,2024,Bahrain Grand Prix
22,TSU,21.0,97.777,31.144,42.57,24.063,HARD,7.0,2.0,1,False,True,1,2024,Bahrain Grand Prix
22,TSU,22.0,97.837,31.173,42.531,24.133,HARD,8.0,2.0,1,False,True,1,2024,Bahrain Grand Prix
22,TSU,23.0,97.671,31.096,42.405,24.17,HARD,9.0,2.0,1,False,True,1,2024,Bahrain Grand Prix
22,TSU,24.0,97.634,31.145,42.276,24.213,HARD,10.0,2.0,1,False,True,1,2024,Bahrain Grand Prix
22,TSU,25.0,97.851,31.05,42.613,24.188,HARD,11.0,2.0,1,False,True,1,2024,Bahrain Grand Prix
22,TSU,26.0,98.058,31.252,42.54,24.266,HARD,12.0,2.0,1,False,True,1,2024,Bahrain Grand Prix
22,TSU,27.0,98.083,31.195,42.468,24.42,HARD,13.0,2.0,1,False,True,1,2024,Bahrain Grand Prix
22,TSU,28.0,98.164,31.266,42.608,24.29,HARD,14.0,2.0,1,False,True,1,2024,Bahrain Grand Prix
22,TSU,29.0,97.777,31.161,42.542,24.074,HARD,15.0,2.0,1,False,True,1,2024,Bahrain Grand Prix
22,TSU,30.0,97.477,31.158,42.314,24.005,HARD,16.0,2.0,1,False,True,1,2024,Bahrain Grand Prix
22,TSU,31.0,97.468,31.151,42.349,23.968,HARD,17.0,2.0,1,False,True,1,2024,Bahrain Grand Prix
22,TSU,32.0,97.847,31.448,42.329,24.07,HARD,18.0,2.0,1,False,True,1,2024,Bahrain Grand Prix
22,TSU,33.0,97.498,31.221,42.222,24.055,HARD,19.0,2.0,1,False,True,1,2024,Bahrain Grand Prix
22,TSU,36.0,97.706,31.984,41.954,23.768,HARD,2.0,3.0,1,False,True,1,2024,Bahrain Grand Prix
22,TSU,37.0,95.833,30.48,41.686,23.667,HARD,3.0,3.0,1,True,True,1,2024,Bahrain Grand Prix
22,TSU,38.0,97.046,30.732,42.39,23.924,HARD,4.0,3.0,1,False,True,1,2024,Bahrain Grand Prix
22,TSU,39.0,96.125,30.733,41.684,23.708,HARD,5.0,3.0,1,False,True,1,2024,Bahrain Grand Prix
22,TSU,40.0,96.263,30.886,41.751,23.626,HARD,6.0,3.0,1,False,True,1,2024,Bahrain Grand Prix
22,TSU,41.0,96.179,30.801,41.719,23.659,HARD,7.0,3.0,1,False,True,1,2024,Bahrain Grand Prix
22,TSU,42.0,95.981,30.697,41.532,23.752,HARD,8.0,3.0,1,False,True,1,2024,Bahrain Grand Prix
22,TSU,43.0,95.956,30.713,41.533,23.71,HARD,9.0,3.0,1,False,True,1,2024,Bahrain Grand Prix
22,TSU,44.0,96.144,30.776,41.594,23.774,HARD,10.0,3.0,1,False,True,1,2024,Bahrain Grand Prix
22,TSU,45.0,95.964,30.648,41.47,23.846,HARD,11.0,3.0,1,False,True,1,2024,Bahrain Grand Prix
22,TSU,46.0,96.187,30.807,41.593,23.787,HARD,12.0,3.0,1,False,True,1,2024,Bahrain Grand Prix
22,TSU,47.0,96.396,30.794,41.765,23.837,HARD,13.0,3.0,1,False,True,1,2024,Bahrain Grand Prix
22,TSU,48.0,96.554,30.848,41.679,24.027,HARD,14.0,3.0,1,False,True,1,2024,Bahrain Grand Prix
22,TSU,49.0,96.695,30.67,42.043,23.982,HARD,15.0,3.0,1,False,True,1,2024,Bahrain Grand Prix
22,TSU,50.0,96.827,30.762,42.171,23.894,HARD,16.0,3.0,1,False,True,1,2024,Bahrain Grand Prix
22,TSU,51.0,97.067,30.949,42.066,24.052,HARD,17.0,3.0,1,False,True,1,2024,Bahrain Grand Prix
22,TSU,52.0,99.042,31.511,43.537,23.994,HARD,18.0,3.0,1,False,True,1,2024,Bahrain Grand Prix
22,TSU,53.0,96.838,30.739,42.138,23.961,HARD,19.0,3.0,1,False,True,1,2024,Bahrain Grand Prix
22,TSU,54.0,96.672,30.741,41.883,24.048,HARD,20.0,3.0,1,False,True,1,2024,Bahrain Grand Prix
22,TSU,55.0,97.269,30.81,42.254,24.205,HARD,21.0,3.0,1,False,True,1,2024,Bahrain Grand Prix
22,TSU,56.0,97.473,30.742,42.53,24.201,HARD,22.0,3.0,1,False,True,1,2024,Bahrain Grand Prix
23,ALB,2.0,98.826,31.419,43.106,24.301,SOFT,2.0,1.0,1,True,True,1,2024,Bahrain Grand Prix
23,ALB,3.0,98.507,31.002,43.081,24.424,SOFT,3.0,1.0,1,True,True,1,2024,Bahrain Grand Prix
23,ALB,4.0,98.422,31.023,43.007,24.392,SOFT,4.0,1.0,1,True,True,1,2024,Bahrain Grand Prix
23,ALB,5.0,98.509,31.049,43.027,24.433,SOFT,5.0,1.0,1,False,True,1,2024,Bahrain Grand Prix
23,ALB,6.0,98.575,31.034,43.141,24.4,SOFT,6.0,1.0,1,False,True,1,2024,Bahrain Grand Prix
23,ALB,7.0,98.971,31.498,43.186,24.287,SOFT,7.0,1.0,1,False,True,1,2024,Bahrain Grand Prix
23,ALB,8.0,98.66,31.493,42.899,24.268,SOFT,8.0,1.0,1,False,True,1,2024,Bahrain Grand Prix
23,ALB,9.0,98.652,31.458,42.976,24.218,SOFT,9.0,1.0,1,False,True,1,2024,Bahrain Grand Prix
23,ALB,10.0,98.952,31.624,42.955,24.373,SOFT,10.0,1.0,12,False,True,1,2024,Bahrain Grand Prix
23,ALB,11.0,98.835,31.49,42.923,24.422,SOFT,11.0,1.0,1,False,True,1,2024,Bahrain Grand Prix
23,ALB,12.0,98.934,31.51,43.065,24.359,SOFT,12.0,1.0,1,False,True,1,2024,Bahrain Grand Prix
23,ALB,13.0,98.823,31.569,42.884,24.37,SOFT,13.0,1.0,1,False,True,1,2024,Bahrain Grand Prix
23,ALB,14.0,98.977,31.598,42.931,24.448,SOFT,14.0,1.0,1,False,True,1,2024,Bahrain Grand Prix
23,ALB,17.0,97.392,30.812,42.564,24.016,HARD,2.0,2.0,1,True,True,1,2024,Bahrain Grand Prix
23,ALB,18.0,97.59,31.214,42.369,24.007,HARD,3.0,2.0,1,False,True,1,2024,Bahrain Grand Prix
23,ALB,19.0,97.763,31.357,42.448,23.958,HARD,4.0,2.0,1,False,True,1,2024,Bahrain Grand Prix
23,ALB,20.0,97.701,31.328,42.379,23.994,HARD,5.0,2.0,1,False,True,1,2024,Bahrain Grand Prix
23,ALB,21.0,97.918,31.227,42.44,24.251,HARD,6.0,2.0,1,False,True,1,2024,Bahrain Grand Prix
23,ALB,22.0,98.031,31.199,42.733,24.099,HARD,7.0,2.0,1,False,True,1,2024,Bahrain Grand Prix
23,ALB,23.0,97.869,31.296,42.361,24.212,HARD,8.0,2.0,1,False,True,1,2024,Bahrain Grand Prix
23,ALB,24.0,98.204,31.035,42.857,24.312,HARD,9.0,2.0,1,False,True,1,2024,Bahrain Grand Prix
23,ALB,25.0,98.226,31.095,42.952,24.179,HARD,10.0,2.0,1,False,True,1,2024,Bahrain Grand Prix
23,ALB,26.0,98.1,31.041,42.821,24.238,HARD,11.0,2.0,1,False,True,1,2024,Bahrain Grand Prix
23,ALB,27.0,98.296,31.029,43.069,24.198,HARD,12.0,2.0,1,False,True,1,2024,Bahrain Grand Prix
23,ALB,28.0,98.048,31.108,42.692,24.248,HARD,13.0,2.0,1,False,True,1,2024,Bahrain Grand Prix
23,ALB,29.0,97.879,31.127,42.585,24.167,HARD,14.0,2.0,1,False,True,1,2024,Bahrain Grand Prix
23,ALB,30.0,97.968,31.045,42.634,24.289,HARD,15.0,2.0,1,False,True,1,2024,Bahrain Grand Prix
23,ALB,31.0,98.135,31.093,42.811,24.231,HARD,16.0,2.0,1,False,True,1,2024,Bahrain Grand Prix
23,ALB,32.0,98.183,31.143,42.707,24.333,HARD,17.0,2.0,1,False,True,1,2024,Bahrain Grand Prix
23,ALB,33.0,98.346,31.537,42.677,24.132,HARD,18.0,2.0,1,False,True,1,2024,Bahrain Grand Prix
23,ALB,34.0,97.75,31.413,42.368,23.969,HARD,19.0,2.0,1,False,True,1,2024,Bahrain Grand Prix
23,ALB,35.0,97.767,31.295,42.496,23.976,HARD,20.0,2.0,1,False,True,1,2024,Bahrain Grand Prix
23,ALB,38.0,96.129,30.735,41.742,23.652,HARD,2.0,3.0,1,True,True,1,2024,Bahrain Grand Prix
23,ALB,39.0,95.856,30.737,41.65,23.469,HARD,3.0,3.0,1,True,True,1,2024,Bahrain Grand Prix
23,ALB,40.0,95.723,30.707,41.503,23.513,HARD,4.0,3.0,1,True,True,1,2024,Bahrain Grand Prix
23,ALB,41.0,95.885,30.746,41.557,23.582,HARD,5.0,3.0,1,False,True,1,2024,Bahrain Grand Prix
23,ALB,42.0,95.799,30.759,41.498,23.542,HARD,6.0,3.0,1,False,True,1,2024,Bahrain Grand Prix
23,ALB,43.0,95.766,30.76,41.472,23.534,HARD,7.0,3.0,1,False,True,1,2024,Bahrain Grand Prix
23,ALB,44.0,95.783,30.683,41.497,23.603,HARD,8.0,3.0,1,False,True,1,2024,Bahrain Grand Prix
23,ALB,45.0,95.758,30.607,41.495,23.656,HARD,9.0,3.0,1,False,True,1,2024,Bahrain Grand Prix
23,ALB,46.0,96.008,30.685,41.635,23.688,HARD,10.0,3.0,1,False,True,1,2024,Bahrain Grand Prix
23,ALB,47.0,96.026,30.827,41.57,23.629,HARD,11.0,3.0,1,False,True,1,2024,Bahrain Grand Prix
23,ALB,48.0,96.135,30.823,41.628,23.684,HARD,12.0,3.0,1,False,True,1,2024,Bahrain Grand Prix
23,ALB,49.0,97.102,30.816,42.435,23.851,HARD,13.0,3.0,1,False,True,1,2024,Bahrain Grand Prix
23,ALB,50.0,97.616,31.683,42.121,23.812,HARD,14.0,3.0,1,False,True,1,2024,Bahrain Grand Prix
23,ALB,51.0,97.493,30.773,42.878,23.842,HARD,15.0,3.0,1,False,True,1,2024,Bahrain Grand Prix
23,ALB,52.0,96.218,30.895,41.58,23.743,HARD,16.0,3.0,1,False,True,1,2024,Bahrain Grand Prix
23,ALB,53.0,96.308,30.817,41.683,23.808,HARD,17.0,3.0,1,False,True,1,2024,Bahrain Grand Prix
23,ALB,54.0,96.334,30.799,41.741,23.794,HARD,18.0,3.0,1,False,True,1,2024,Bahrain Grand Prix
23,ALB,55.0,96.593,30.861,41.91,23.822,HARD,19.0,3.0,1,False,True,1,2024,Bahrain Grand Prix
23,ALB,56.0,96.922,30.875,42.085,23.962,HARD,20.0,3.0,1,False,True,1,2024,Bahrain Grand Prix
27,HUL,3.0,97.317,30.97,42.434,23.913,HARD,2.0,2.0,1,True,True,1,2024,Bahrain Grand Prix
27,HUL,4.0,97.349,30.901,42.469,23.979,HARD,3.0,2.0,1,False,True,1,2024,Bahrain Grand Prix
27,HUL,5.0,97.663,30.928,42.706,24.029,HARD,4.0,2.0,1,False,True,1,2024,Bahrain Grand Prix
27,HUL,6.0,97.896,31.013,42.852,24.031,HARD,5.0,2.0,1,False,True,1,2024,Bahrain Grand Prix
27,HUL,7.0,97.682,30.976,42.75,23.956,HARD,6.0,2.0,1,False,True,1,2024,Bahrain Grand Prix
27,HUL,8.0,97.82,31.038,42.737,24.045,HARD,7.0,2.0,1,False,True,1,2024,Bahrain Grand Prix
27,HUL,9.0,97.883,31.041,42.691,24.151,HARD,8.0,2.0,12,False,True,1,2024,Bahrain Grand Prix
27,HUL,10.0,98.37,31.372,42.839,24.159,HARD,9.0,2.0,21,False,True,1,2024,Bahrain Grand Prix
27,HUL,11.0,97.638,31.0,42.573,24.065,HARD,10.0,2.0,1,False,True,1,2024,Bahrain Grand Prix
27,HUL,12.0,97.706,30.977,42.629,24.1,HARD,11.0,2.0,1,False,True,1,2024,Bahrain Grand Prix
27,HUL,13.0,97.801,31.025,42.677,24.099,HARD,12.0,2.0,1,False,True,1,2024,Bahrain Grand Prix
27,HUL,14.0,97.879,30.998,42.63,24.251,HARD,13.0,2.0,1,False,True,1,2024,Bahrain Grand Prix
27,HUL,15.0,98.11,31.168,42.609,24.333,HARD,14.0,2.0,1,False,True,1,2024,Bahrain Grand Prix
27,HUL,16.0,97.796,31.184,42.535,24.077,HARD,15.0,2.0,1,False,True,1,2024,Bahrain Grand Prix
27,HUL,17.0,97.891,31.181,42.572,24.138,HARD,16.0,2.0,1,False,True,1,2024,Bahrain Grand Prix
27,HUL,18.0,98.216,31.05,42.946,24.22,HARD,17.0,2.0,1,False,True,1,2024,Bahrain Grand Prix
27,HUL,19.0,97.862,31.07,42.542,24.25,HARD,18.0,2.0,1,False,True,1,2024,Bahrain Grand Prix
27,HUL,22.0,96.858,30.754,42.343,23.761,HARD,2.0,3.0,1,True,True,1,2024,Bahrain Grand Prix
27,HUL,23.0,96.725,30.667,42.271,23.787,HARD,3.0,3.0,1,True,True,1,2024,Bahrain Grand Prix
27,HUL,24.0,96.626,30.673,42.224,23.729,HARD,4.0,3.0,1,True,True,1,2024,Bahrain Grand Prix
27,HUL,25.0,96.652,30.667,42.124,23.861,HARD,5.0,3.0,1,False,True,1,2024,Bahrain Grand Prix
27,HUL,26.0,96.548,30.619,42.152,23.777,HARD,6.0,3.0,1,True,True,1,2024,Bahrain Grand Prix
27,HUL,27.0,96.647,30.719,41.983,23.945,HARD,7.0,3.0,1,False,True,1,2024,Bahrain Grand Prix
27,HUL,28.0,97.254,31.001,42.31,23.943,HARD,8.0,3.0,1,False,True,1,2024,Bahrain Grand Prix
27,HUL,29.0,96.837,30.844,42.049,23.944,HARD,9.0,3.0,1,False,True,1,2024,Bahrain Grand Prix
27,HUL,30.0,96.691,30.738,41.973,23.98,HARD,10.0,3.0,1,False,True,1,2024,Bahrain Grand Prix
27,HUL,31.0,96.578,30.717,41.966,23.895,HARD,11.0,3.0,1,False,True,1,2024,Bahrain Grand Prix
27,HUL,32.0,96.935,30.961,41.987,23.987,HARD,12.0,3.0,1,False,True,1,2024,Bahrain Grand Prix
27,HUL,33.0,96.784,30.819,41.983,23.982,HARD,13.0,3.0,1,False,True,1,2024,Bahrain Grand Prix
27,HUL,34.0,96.692,30.777,41.947,23.968,HARD,14.0,3.0,1,False,True,1,2024,Bahrain Grand Prix
27,HUL,35.0,96.959,30.812,42.04,24.107,HARD,15.0,3.0,1,False,True,1,2024,Bahrain Grand Prix
27,HUL,36.0,96.795,30.86,41.931,24.004,HARD,16.0,3.0,1,False,True,1,2024,Bahrain Grand Prix
27,HUL,37.0,96.723,30.847,41.94,23.936,HARD,17.0,3.0,1,False,True,1,2024,Bahrain Grand Prix
27,HUL,38.0,100.083,32.593,42.653,24.837,HARD,18.0,3.0,1,False,True,1,2024,Bahrain Grand Prix
27,HUL,39.0,97.476,30.911,42.495,24.07,HARD,19.0,3.0,1,False,True,1,2024,Bahrain Grand Prix
27,HUL,40.0,97.088,30.911,42.126,24.051,HARD,20.0,3.0,1,False,True,1,2024,Bahrain Grand Prix
27,HUL,43.0,95.76,30.369,41.852,23.539,SOFT,3.0,4.0,1,True,True,1,2024,Bahrain Grand Prix
27,HUL,44.0,95.59,30.232,41.871,23.487,SOFT,4.0,4.0,1,True,True,1,2024,Bahrain Grand Prix
27,HUL,45.0,95.119,30.234,41.321,23.564,SOFT,5.0,4.0,1,True,True,1,2024,Bahrain Grand Prix
27,HUL,46.0,94.834,30.17,41.145,23.519,SOFT,6.0,4.0,1,True,True,1,2024,Bahrain Grand Prix
27,HUL,47.0,95.226,30.362,41.251,23.613,SOFT,7.0,4.0,1,False,True,1,2024,Bahrain Grand Prix
27,HUL,48.0,95.146,30.228,41.355,23.563,SOFT,8.0,4.0,1,False,True,1,2024,Bahrain Grand Prix
27,HUL,49.0,95.494,30.323,41.489,23.682,SOFT,9.0,4.0,1,False,True,1,2024,Bahrain Grand Prix
27,HUL,50.0,95.167,30.13,41.402,23.635,SOFT,10.0,4.0,1,False,True,1,2024,Bahrain Grand Prix
27,HUL,51.0,95.529,30.411,41.374,23.744,SOFT,11.0,4.0,1,False,True,1,2024,Bahrain Grand Prix
27,HUL,52.0,95.921,30.525,41.612,23.784,SOFT,12.0,4.0,1,False,True,1,2024,Bahrain Grand Prix
27,HUL,53.0,95.994,30.629,41.595,23.77,SOFT,13.0,4.0,1,False,True,1,2024,Bahrain Grand Prix
27,HUL,54.0,95.786,30.557,41.436,23.793,SOFT,14.0,4.0,1,False,True,1,2024,Bahrain Grand Prix
27,HUL,55.0,95.736,30.629,41.384,23.723,SOFT,15.0,4.0,1,False,True,1,2024,Bahrain Grand Prix
27,HUL,56.0,95.602,30.546,41.304,23.752,SOFT,16.0,4.0,1,False,True,1,2024,Bahrain Grand Prix
31,OCO,2.0,99.094,32.005,42.719,24.37,SOFT,2.0,1.0,1,True,True,1,2024,Bahrain Grand Prix
31,OCO,3.0,98.771,31.255,43.007,24.509,SOFT,3.0,1.0,1,True,True,1,2024,Bahrain Grand Prix
31,OCO,4.0,98.625,31.246,42.915,24.464,SOFT,4.0,1.0,1,True,True,1,2024,Bahrain Grand Prix
31,OCO,5.0,98.64,31.171,42.891,24.578,SOFT,5.0,1.0,1,False,True,1,2024,Bahrain Grand Prix
31,OCO,6.0,98.874,31.245,42.978,24.651,SOFT,6.0,1.0,1,False,True,1,2024,Bahrain Grand Prix
31,OCO,7.0,99.152,31.404,43.089,24.659,SOFT,7.0,1.0,1,False,True,1,2024,Bahrain Grand Prix
31,OCO,8.0,99.422,31.252,43.382,24.788,SOFT,8.0,1.0,1,False,True,1,2024,Bahrain Grand Prix
31,OCO,9.0,99.312,31.189,43.409,24.714,SOFT,9.0,1.0,1,False,True,1,2024,Bahrain Grand Prix
31,OCO,12.0,97.599,31.175,42.399,24.025,HARD,2.0,2.0,1,True,True,1,2024,Bahrain Grand Prix
31,OCO,13.0,97.363,31.319,42.14,23.904,HARD,3.0,2.0,1,True,True,1,2024,Bahrain Grand Prix
31,OCO,14.0,97.537,31.174,42.329,24.034,HARD,4.0,2.0,1,False,True,1,2024,Bahrain Grand Prix
31,OCO,15.0,97.843,31.282,42.383,24.178,HARD,5.0,2.0,1,False,True,1,2024,Bahrain Grand Prix
31,OCO,16.0,97.902,31.35,42.448,24.104,HARD,6.0,2.0,1,False,True,1,2024,Bahrain Grand Prix
31,OCO,17.0,98.911,31.653,43.083,24.175,HARD,7.0,2.0,1,False,True,1,2024,Bahrain Grand Prix
31,OCO,18.0,98.12,31.12,42.845,24.155,HARD,8.0,2.0,1,False,True,1,2024,Bahrain Grand Prix
31,OCO,19.0,98.332,31.57,42.478,24.284,HARD,9.0,2.0,1,False,True,1,2024,Bahrain Grand Prix
31,OCO,20.0,98.185,31.445,42.472,24.268,HARD,10.0,2.0,1,False,True,1,2024,Bahrain Grand Prix
31,OCO,21.0,99.363,31.9,43.094,24.369,HARD,11.0,2.0,1,False,True,1,2024,Bahrain Grand Prix
31,OCO,22.0,98.655,31.553,42.777,24.325,HARD,12.0,2.0,1,False,True,1,2024,Bahrain Grand Prix
31,OCO,23.0,98.407,31.49,42.677,24.24,HARD,13.0,2.0,1,False,True,1,2024,Bahrain Grand Prix
31,OCO,24.0,98.42,31.474,42.691,24.255,HARD,14.0,2.0,1,False,True,1,2024,Bahrain Grand Prix
31,OCO,25.0,98.494,31.546,42.7,24.248,HARD,15.0,2.0,1,False,True,1,2024,Bahrain Grand Prix
31,OCO,26.0,98.665,31.521,42.891,24.253,HARD,16.0,2.0,1,False,True,1,2024,Bahrain Grand Prix
31,OCO,27.0,98.549,31.543,42.749,24.257,HARD,17.0,2.0,1,False,True,1,2024,Bahrain Grand Prix
31,OCO,28.0,98.372,31.492,42.678,24.202,HARD,18.0,2.0,1,False,True,1,2024,Bahrain Grand Prix
31,OCO,29.0,98.556,31.562,42.663,24.331,HARD,19.0,2.0,1,False,True,1,2024,Bahrain Grand Prix
31,OCO,32.0,96.887,31.059,41.959,23.869,HARD,2.0,3.0,1,True,True,1,2024,Bahrain Grand Prix
31,OCO,33.0,96.704,30.989,41.875,23.84,HARD,3.0,3.0,1,True,True,1,2024,Bahrain Grand Prix
31,OCO,34.0,96.226,30.898,41.549,23.779,HARD,4.0,3.0,1,True,True,1,2024,Bahrain Grand Prix
31,OCO,35.0,96.354,31.008,41.594,23.752,HARD,5.0,3.0,1,False,True,1,2024,Bahrain Grand Prix
31,OCO,36.0,97.229,31.212,42.148,23.869,HARD,6.0,3.0,1,False,True,1,2024,Bahrain Grand Prix
31,OCO,37.0,96.58,31.059,41.755,23.766,HARD,7.0,3.0,1,False,True,1,2024,Bahrain Grand Prix
31,OCO,38.0,96.814,31.07,41.869,23.875,HARD,8.0,3.0,1,False,True,1,2024,Bahrain Grand Prix
31,OCO,39.0,96.552,31.088,41.717,23.747,HARD,9.0,3.0,1,False,True,1,2024,Bahrain Grand Prix
31,OCO,40.0,96.608,31.053,41.754,23.801,HARD,10.0,3.0,1,False,True,1,2024,Bahrain Grand Prix
31,OCO,41.0,96.621,31.034,41.826,23.761,HARD,11.0,3.0,1,False,True,1,2024,Bahrain Grand Prix
31,OCO,42.0,96.592,31.025,41.766,23.801,HARD,12.0,3.0,1,False,True,1,2024,Bahrain Grand Prix
31,OCO,43.0,96.679,31.035,41.852,23.792,HARD,13.0,3.0,1,False,True,1,2024,Bahrain Grand Prix
31,OCO,44.0,96.649,31.094,41.772,23.783,HARD,14.0,3.0,1,False,True,1,2024,Bahrain Grand Prix
31,OCO,45.0,98.049,31.188,43.027,23.834,HARD,15.0,3.0,1,False,True,1,2024,Bahrain Grand Prix
31,OCO,46.0,96.975,31.151,42.048,23.776,HARD,16.0,3.0,1,False,True,1,2024,Bahrain Grand Prix
31,OCO,47.0,96.656,31.026,41.861,23.769,HARD,17.0,3.0,1,False,True,1,2024,Bahrain Grand Prix
31,OCO,48.0,97.117,31.177,42.045,23.895,HARD,18.0,3.0,1,False,True,1,2024,Bahrain Grand Prix
31,OCO,49.0,97.726,31.483,42.304,23.939,HARD,19.0,3.0,1,False,True,1,2024,Bahrain Grand Prix
31,OCO,50.0,97.784,31.552,42.293,23.939,HARD,20.0,3.0,1,False,True,1,2024,Bahrain Grand Prix
31,OCO,51.0,97.091,31.083,42.138,23.87,HARD,21.0,3.0,1,False,True,1,2024,Bahrain Grand Prix
31,OCO,52.0,98.631,31.094,42.116,25.421,HARD,22.0,3.0,1,False,True,1,2024,Bahrain Grand Prix
31,OCO,53.0,97.145,31.023,42.181,23.941,HARD,23.0,3.0,1,False,True,1,2024,Bahrain Grand Prix
31,OCO,54.0,98.707,32.402,42.373,23.932,HARD,24.0,3.0,1,False,True,1,2024,Bahrain Grand Prix
31,OCO,55.0,97.393,31.146,42.266,23.981,HARD,25.0,3.0,1,False,True,1,2024,Bahrain Grand Prix
31,OCO,56.0,97.415,31.133,42.224,24.058,HARD,26.0,3.0,1,False,True,1,2024,Bahrain Grand Prix
10,GAS,2.0,99.059,31.86,42.743,24.456,SOFT,2.0,1.0,1,True,True,1,2024,Bahrain Grand Prix
10,GAS,3.0,98.744,31.254,42.848,24.642,SOFT,3.0,1.0,1,True,True,1,2024,Bahrain Grand Prix
10,GAS,4.0,98.503,31.305,42.705,24.493,SOFT,4.0,1.0,1,True,True,1,2024,Bahrain Grand Prix
10,GAS,5.0,98.664,31.344,42.718,24.602,SOFT,5.0,1.0,1,False,True,1,2024,Bahrain Grand Prix
10,GAS,6.0,99.099,31.457,42.995,24.647,SOFT,6.0,1.0,1,False,True,1,2024,Bahrain Grand Prix
10,GAS,7.0,99.078,31.353,43.11,24.615,SOFT,7.0,1.0,1,False,True,1,2024,Bahrain Grand Prix
10,GAS,8.0,99.287,31.21,43.311,24.766,SOFT,8.0,1.0,1,False,True,1,2024,Bahrain Grand Prix
10,GAS,9.0,99.452,31.4,43.321,24.731,SOFT,9.0,1.0,1,False,True,1,2024,Bahrain Grand Prix
10,GAS,10.0,98.929,31.383,43.016,24.53,SOFT,10.0,1.0,12,False,True,1,2024,Bahrain Grand Prix
10,GAS,11.0,98.656,31.329,42.886,24.441,SOFT,11.0,1.0,1,False,True,1,2024,Bahrain Grand Prix
10,GAS,14.0,97.689,31.44,42.233,24.016,HARD,2.0,2.0,1,True,True,1,2024,Bahrain Grand Prix
10,GAS,15.0,97.492,30.978,42.383,24.131,HARD,3.0,2.0,1,True,True,1,2024,Bahrain Grand Prix
10,GAS,16.0,97.521,30.874,42.396,24.251,HARD,4.0,2.0,1,False,True,1,2024,Bahrain Grand Prix
10,GAS,17.0,97.949,31.153,42.548,24.248,HARD,5.0,2.0,1,False,True,1,2024,Bahrain Grand Prix
10,GAS,18.0,97.791,30.98,42.45,24.361,HARD,6.0,2.0,1,False,True,1,2024,Bahrain Grand Prix
10,GAS,19.0,97.702,30.968,42.47,24.264,HARD,7.0,2.0,1,False,True,1,2024,Bahrain Grand Prix
10,GAS,20.0,98.036,31.193,42.487,24.356,HARD,8.0,2.0,1,False,True,1,2024,Bahrain Grand Prix
10,GAS,21.0,98.094,31.173,42.541,24.38,HARD,9.0,2.0,1,False,True,1,2024,Bahrain Grand Prix
10,GAS,22.0,97.868,31.145,42.536,24.187,HARD,10.0,2.0,1,False,True,1,2024,Bahrain Grand Prix
10,GAS,23.0,98.104,31.195,42.586,24.323,HARD,11.0,2.0,1,False,True,1,2024,Bahrain Grand Prix
10,GAS,24.0,98.192,31.232,42.57,24.39,HARD,12.0,2.0,1,False,True,1,2024,Bahrain Grand Prix
10,GAS,25.0,98.16,31.096,42.716,24.348,HARD,13.0,2.0,1,False,True,1,2024,Bahrain Grand Prix
10,GAS,26.0,98.379,31.256,42.673,24.45,HARD,14.0,2.0,1,False,True,1,2024,Bahrain Grand Prix
10,GAS,27.0,98.4,31.171,42.747,24.482,HARD,15.0,2.0,1,False,True,1,2024,Bahrain Grand Prix
10,GAS,28.0,98.615,31.351,42.788,24.476,HARD,16.0,2.0,1,False,True,1,2024,Bahrain Grand Prix
10,GAS,29.0,98.55,31.301,42.807,24.442,HARD,17.0,2.0,1,False,True,1,2024,Bahrain Grand Prix
10,GAS,30.0,98.832,31.368,42.942,24.522,HARD,18.0,2.0,1,False,True,1,2024,Bahrain Grand Prix
10,GAS,33.0,96.112,30.887,41.506,23.719,HARD,2.0,3.0,1,True,True,1,2024,Bahrain Grand Prix
10,GAS,34.0,96.622,31.142,41.747,23.733,HARD,3.0,3.0,1,False,True,1,2024,Bahrain Grand Prix
10,GAS,35.0,96.313,31.058,41.573,23.682,HARD,4.0,3.0,1,False,True,1,2024,Bahrain Grand Prix
10,GAS,36.0,96.45,31.034,41.612,23.804,HARD,5.0,3.0,1,False,True,1,2024,Bahrain Grand Prix
10,GAS,37.0,96.629,31.148,41.595,23.886,HARD,6.0,3.0,1,False,True,1,2024,Bahrain Grand Prix
10,GAS,38.0,96.802,31.122,41.764,23.916,HARD,7.0,3.0,1,False,True,1,2024,Bahrain Grand Prix
10,GAS,39.0,96.537,31.022,41.7,23.815,HARD,8.0,3.0,1,False,True,1,2024,Bahrain Grand Prix
10,GAS,40.0,96.742,31.023,41.793,23.926,HARD,9.0,3.0,1,False,True,1,2024,Bahrain Grand Prix
10,GAS,41.0,96.571,30.968,41.751,23.852,HARD,10.0,3.0,1,False,True,1,2024,Bahrain Grand Prix
10,GAS,42.0,96.631,30.98,41.74,23.911,HARD,11.0,3.0,1,False,True,1,2024,Bahrain Grand Prix
10,GAS,45.0,94.805,30.509,40.913,23.383,SOFT,2.0,4.0,1,True,True,1,2024,Bahrain Grand Prix
10,GAS,46.0,95.293,30.758,41.137,23.398,SOFT,3.0,4.0,1,False,True,1,2024,Bahrain Grand Prix
10,GAS,47.0,95.341,30.735,41.065,23.541,SOFT,4.0,4.0,1,False,True,1,2024,Bahrain Grand Prix
10,GAS,48.0,95.411,30.776,41.156,23.479,SOFT,5.0,4.0,1,False,True,1,2024,Bahrain Grand Prix
10,GAS,49.0,95.511,30.71,41.288,23.513,SOFT,6.0,4.0,1,False,True,1,2024,Bahrain Grand Prix
10,GAS,50.0,95.228,30.647,41.016,23.565,SOFT,7.0,4.0,1,False,True,1,2024,Bahrain Grand Prix
10,GAS,51.0,95.334,30.673,41.111,23.55,SOFT,8.0,4.0,1,False,True,1,2024,Bahrain Grand Prix
10,GAS,52.0,95.511,30.714,41.158,23.639,SOFT,9.0,4.0,1,False,True,1,2024,Bahrain Grand Prix
10,GAS,53.0,95.389,30.6,41.223,23.566,SOFT,10.0,4.0,1,False,True,1,2024,Bahrain Grand Prix
10,GAS,54.0,95.853,30.833,41.349,23.671,SOFT,11.0,4.0,1,False,True,1,2024,Bahrain Grand Prix
10,GAS,55.0,95.908,30.912,41.329,23.667,SOFT,12.0,4.0,1,False,True,1,2024,Bahrain Grand Prix
10,GAS,56.0,96.086,30.888,41.288,23.91,SOFT,13.0,4.0,1,False,True,1,2024,Bahrain Grand Prix
77,BOT,2.0,98.259,31.351,42.663,24.245,SOFT,2.0,1.0,1,True,True,1,2024,Bahrain Grand Prix
77,BOT,3.0,98.837,31.119,43.321,24.397,SOFT,3.0,1.0,1,False,True,1,2024,Bahrain Grand Prix
77,BOT,4.0,98.643,31.127,43.121,24.395,SOFT,4.0,1.0,1,False,True,1,2024,Bahrain Grand Prix
77,BOT,5.0,100.087,31.083,44.295,24.709,SOFT,5.0,1.0,1,False,True,1,2024,Bahrain Grand Prix
77,BOT,6.0,99.206,31.184,43.504,24.518,SOFT,6.0,1.0,1,False,True,1,2024,Bahrain Grand Prix
77,BOT,7.0,98.654,31.034,43.072,24.548,SOFT,7.0,1.0,1,False,True,1,2024,Bahrain Grand Prix
77,BOT,8.0,98.968,30.959,43.356,24.653,SOFT,8.0,1.0,1,False,True,1,2024,Bahrain Grand Prix
77,BOT,9.0,99.425,31.373,43.349,24.703,SOFT,9.0,1.0,1,False,True,1,2024,Bahrain Grand Prix
77,BOT,10.0,99.112,31.409,43.189,24.514,SOFT,10.0,1.0,12,False,True,1,2024,Bahrain Grand Prix
77,BOT,11.0,99.187,31.524,43.182,24.481,SOFT,11.0,1.0,1,False,True,1,2024,Bahrain Grand Prix
77,BOT,14.0,96.454,30.501,42.067,23.886,HARD,2.0,2.0,1,True,True,1,2024,Bahrain Grand Prix
77,BOT,15.0,97.287,31.063,42.254,23.97,HARD,3.0,2.0,1,False,True,1,2024,Bahrain Grand Prix
77,BOT,16.0,97.718,31.204,42.422,24.092,HARD,4.0,2.0,1,False,True,1,2024,Bahrain Grand Prix
77,BOT,17.0,97.765,31.183,42.454,24.128,HARD,5.0,2.0,1,False,True,1,2024,Bahrain Grand Prix
77,BOT,18.0,97.918,31.142,42.597,24.179,HARD,6.0,2.0,1,False,True,1,2024,Bahrain Grand Prix
77,BOT,19.0,97.662,30.897,42.483,24.282,HARD,7.0,2.0,1,False,True,1,2024,Bahrain Grand Prix
77,BOT,20.0,98.285,31.078,42.852,24.355,HARD,8.0,2.0,1,False,True,1,2024,Bahrain Grand Prix
77,BOT,21.0,97.73,31.02,42.534,24.176,HARD,9.0,2.0,1,False,True,1,2024,Bahrain Grand Prix
77,BOT,22.0,97.998,31.34,42.454,24.204,HARD,10.0,2.0,1,False,True,1,2024,Bahrain Grand Prix
77,BOT,23.0,98.18,31.375,42.575,24.23,HARD,11.0,2.0,1,False,True,1,2024,Bahrain Grand Prix
77,BOT,24.0,98.146,31.186,42.705,24.255,HARD,12.0,2.0,1,False,True,1,2024,Bahrain Grand Prix
77,BOT,25.0,98.262,31.299,42.697,24.266,HARD,13.0,2.0,1,False,True,1,2024,Bahrain Grand Prix
77,BOT,26.0,98.308,31.266,42.752,24.29,HARD,14.0,2.0,1,False,True,1,2024,Bahrain Grand Prix
77,BOT,27.0,98.426,31.325,42.741,24.36,HARD,15.0,2.0,1,False,True,1,2024,Bahrain Grand Prix
77,BOT,28.0,98.595,31.285,42.889,24.421,HARD,16.0,2.0,1,False,True,1,2024,Bahrain Grand Prix
77,BOT,29.0,98.654,31.344,42.981,24.329,HARD,17.0,2.0,1,False,True,1,2024,Bahrain Grand Prix
77,BOT,32.0,96.763,30.988,42.106,23.669,HARD,2.0,3.0,1,False,True,1,2024,Bahrain Grand Prix
77,BOT,33.0,96.202,30.95,41.558,23.694,HARD,3.0,3.0,1,True,True,1,2024,Bahrain Grand Prix
77,BOT,34.0,98.009,32.25,42.108,23.651,HARD,4.0,3.0,1,False,True,1,2024,Bahrain Grand Prix
77,BOT,35.0,96.578,30.892,41.986,23.7,HARD,5.0,3.0,1,False,True,1,2024,Bahrain Grand Prix
77,BOT,36.0,96.792,30.8,41.963,24.029,HARD,6.0,3.0,1,False,True,1,2024,Bahrain Grand Prix
77,BOT,37.0,98.008,31.511,42.24,24.257,HARD,7.0,3.0,1,False,True,1,2024,Bahrain Grand Prix
77,BOT,38.0,97.774,31.497,42.346,23.931,HARD,8.0,3.0,1,False,True,1,2024,Bahrain Grand Prix
77,BOT,39.0,97.189,31.047,42.287,23.855,HARD,9.0,3.0,1,False,True,1,2024,Bahrain Grand Prix
77,BOT,40.0,97.393,30.903,42.672,23.818,HARD,10.0,3.0,1,False,True,1,2024,Bahrain Grand Prix
77,BOT,41.0,96.437,30.804,41.851,23.782,HARD,11.0,3.0,1,False,True,1,2024,Bahrain Grand Prix
77,BOT,42.0,96.374,30.9,41.717,23.757,HARD,12.0,3.0,1,False,True,1,2024,Bahrain Grand Prix
77,BOT,43.0,96.569,30.907,41.761,23.901,HARD,13.0,3.0,1,False,True,1,2024,Bahrain Grand Prix
77,BOT,44.0,96.63,30.844,41.917,23.869,HARD,14.0,3.0,1,False,True,1,2024,Bahrain Grand Prix
77,BOT,45.0,96.663,30.916,41.985,23.762,HARD,15.0,3.0,1,False,True,1,2024,Bahrain Grand Prix
77,BOT,46.0,96.297,30.825,41.72,23.752,HARD,16.0,3.0,1,False,True,1,2024,Bahrain Grand Prix
77,BOT,47.0,96.604,30.873,41.907,23.824,HARD,17.0,3.0,1,False,True,1,2024,Bahrain Grand Prix
77,BOT,48.0,96.765,30.913,41.993,23.859,HARD,18.0,3.0,1,False,True,1,2024,Bahrain Grand Prix
77,BOT,49.0,96.91,31.028,42.029,23.853,HARD,19.0,3.0,1,False,True,1,2024,Bahrain Grand Prix
77,BOT,50.0,96.91,31.025,41.997,23.888,HARD,20.0,3.0,1,False,True,1,2024,Bahrain Grand Prix
77,BOT,51.0,96.819,31.019,41.936,23.864,HARD,21.0,3.0,1,False,True,1,2024,Bahrain Grand Prix
77,BOT,52.0,96.949,30.997,41.98,23.972,HARD,22.0,3.0,1,False,True,1,2024,Bahrain Grand Prix
77,BOT,53.0,99.035,30.979,42.128,25.928,HARD,23.0,3.0,1,False,True,1,2024,Bahrain Grand Prix
77,BOT,54.0,97.095,30.705,42.292,24.098,HARD,24.0,3.0,1,False,True,1,2024,Bahrain Grand Prix
77,BOT,55.0,97.205,31.026,42.195,23.984,HARD,25.0,3.0,1,False,True,1,2024,Bahrain Grand Prix
77,BOT,56.0,97.956,31.235,42.521,24.2,HARD,26.0,3.0,1,False,True,1,2024,Bahrain Grand Prix
2,SAR,2.0,98.481,31.096,43.005,24.38,SOFT,2.0,1.0,1,True,True,1,2024,Bahrain Grand Prix
2,SAR,3.0,98.707,31.105,43.155,24.447,SOFT,3.0,1.0,1,False,True,1,2024,Bahrain Grand Prix
2,SAR,4.0,98.39,31.044,42.904,24.442,SOFT,4.0,1.0,1,True,True,1,2024,Bahrain Grand Prix
2,SAR,5.0,98.757,31.048,43.209,24.5,SOFT,5.0,1.0,1,False,True,1,2024,Bahrain Grand Prix
2,SAR,6.0,98.582,31.037,42.981,24.564,SOFT,6.0,1.0,1,False,True,1,2024,Bahrain Grand Prix
2,SAR,7.0,99.464,31.373,43.491,24.6,SOFT,7.0,1.0,1,False,True,1,2024,Bahrain Grand Prix
2,SAR,8.0,99.58,31.566,43.336,24.678,SOFT,8.0,1.0,1,False,True,1,2024,Bahrain Grand Prix
2,SAR,9.0,99.366,31.398,43.299,24.669,SOFT,9.0,1.0,1,False,True,1,2024,Bahrain Grand Prix
2,SAR,12.0,98.493,31.666,42.766,24.061,HARD,2.0,2.0,1,False,True,1,2024,Bahrain Grand Prix
2,SAR,13.0,100.989,31.427,43.601,25.961,HARD,3.0,2.0,1,False,True,1,2024,Bahrain Grand Prix
2,SAR,14.0,101.47,34.301,43.043,24.126,HARD,4.0,2.0,1,False,True,1,2024,Bahrain Grand Prix
2,SAR,15.0,97.594,31.044,42.414,24.136,HARD,5.0,2.0,1,True,True,1,2024,Bahrain Grand Prix
2,SAR,16.0,101.37,34.383,42.896,24.091,HARD,6.0,2.0,1,False,True,1,2024,Bahrain Grand Prix
2,SAR,17.0,99.758,31.181,42.77,25.807,HARD,7.0,2.0,1,False,True,1,2024,Bahrain Grand Prix
2,SAR,18.0,98.077,31.257,42.709,24.111,HARD,8.0,2.0,1,False,True,1,2024,Bahrain Grand Prix
2,SAR,19.0,97.742,31.201,42.532,24.009,HARD,9.0,2.0,1,False,True,1,2024,Bahrain Grand Prix
2,SAR,20.0,97.82,31.11,42.663,24.047,HARD,10.0,2.0,1,False,True,1,2024,Bahrain Grand Prix
2,SAR,21.0,98.009,31.167,42.681,24.161,HARD,11.0,2.0,1,False,True,1,2024,Bahrain Grand Prix
2,SAR,22.0,97.728,31.115,42.516,24.097,HARD,12.0,2.0,1,False,True,1,2024,Bahrain Grand Prix
2,SAR,23.0,97.621,31.065,42.487,24.069,HARD,13.0,2.0,1,False,True,1,2024,Bahrain Grand Prix
2,SAR,24.0,99.437,31.076,42.618,25.743,HARD,14.0,2.0,1,False,True,1,2024,Bahrain Grand Prix
2,SAR,25.0,99.093,32.025,42.881,24.187,HARD,15.0,2.0,1,False,True,1,2024,Bahrain Grand Prix
2,SAR,26.0,97.859,31.152,42.533,24.174,HARD,16.0,2.0,1,False,True,1,2024,Bahrain Grand Prix
2,SAR,27.0,98.288,31.178,42.806,24.304,HARD,17.0,2.0,1,False,True,1,2024,Bahrain Grand Prix
2,SAR,30.0,95.715,30.623,41.483,23.609,HARD,2.0,3.0,1,True,True,1,2024,Bahrain Grand Prix
2,SAR,31.0,96.713,30.539,42.489,23.685,HARD,3.0,3.0,1,False,True,1,2024,Bahrain Grand Prix
2,SAR,32.0,96.563,30.82,41.868,23.875,HARD,4.0,3.0,1,False,True,1,2024,Bahrain Grand Prix
2,SAR,33.0,97.433,30.732,42.718,23.983,HARD,5.0,3.0,1,False,True,1,2024,Bahrain Grand Prix
2,SAR,34.0,96.475,30.708,41.944,23.823,HARD,6.0,3.0,1,False,True,1,2024,Bahrain Grand Prix
2,SAR,35.0,96.859,31.015,42.023,23.821,HARD,7.0,3.0,1,False,True,1,2024,Bahrain Grand Prix
2,SAR,36.0,96.462,30.805,41.808,23.849,HARD,8.0,3.0,1,False,True,1,2024,Bahrain Grand Prix
2,SAR,37.0,96.785,30.826,42.127,23.832,HARD,9.0,3.0,1,False,True,1,2024,Bahrain Grand Prix
2,SAR,38.0,96.732,30.786,42.026,23.92,HARD,10.0,3.0,1,False,True,1,2024,Bahrain Grand Prix
2,SAR,39.0,97.016,30.987,42.097,23.932,HARD,11.0,3.0,1,False,True,1,2024,Bahrain Grand Prix
2,SAR,42.0,94.735,30.316,40.966,23.453,SOFT,2.0,4.0,1,True,True,1,2024,Bahrain Grand Prix
2,SAR,43.0,95.001,30.462,41.076,23.463,SOFT,3.0,4.0,1,False,True,1,2024,Bahrain Grand Prix
2,SAR,44.0,95.13,30.599,41.146,23.385,SOFT,4.0,4.0,1,False,True,1,2024,Bahrain Grand Prix
2,SAR,45.0,95.333,30.587,41.272,23.474,SOFT,5.0,4.0,1,False,True,1,2024,Bahrain Grand Prix
2,SAR,46.0,95.939,30.872,41.469,23.598,SOFT,6.0,4.0,1,False,True,1,2024,Bahrain Grand Prix
2,SAR,47.0,96.729,30.667,42.237,23.825,SOFT,7.0,4.0,1,False,True,1,2024,Bahrain Grand Prix
2,SAR,48.0,95.688,30.357,41.593,23.738,SOFT,8.0,4.0,1,False,True,1,2024,Bahrain Grand Prix
2,SAR,49.0,95.59,30.638,41.303,23.649,SOFT,9.0,4.0,1,False,True,1,2024,Bahrain Grand Prix
2,SAR,50.0,95.66,30.671,41.368,23.621,SOFT,10.0,4.0,1,False,True,1,2024,Bahrain Grand Prix
2,SAR,51.0,95.972,30.781,41.539,23.652,SOFT,11.0,4.0,1,False,True,1,2024,Bahrain Grand Prix
2,SAR,52.0,95.987,30.775,41.44,23.772,SOFT,12.0,4.0,1,False,True,1,2024,Bahrain Grand Prix
2,SAR,53.0,96.088,30.798,41.61,23.68,SOFT,13.0,4.0,1,False,True,1,2024,Bahrain Grand Prix
2,SAR,54.0,99.614,32.179,43.748,23.687,SOFT,14.0,4.0,1,False,True,1,2024,Bahrain Grand Prix
2,SAR,55.0,96.209,30.671,41.782,23.756,SOFT,15.0,4.0,1,False,True,1,2024,Bahrain Grand Prix
1,VER,2.0,94.205,34.72,29.628,29.857,MEDIUM,2.0,1.0,1,True,True,2,2024,Saudi Arabian Grand Prix
1,VER,3.0,94.043,34.53,29.621,29.892,MEDIUM,3.0,1.0,1,True,True,2,2024,Saudi Arabian Grand Prix
1,VER,4.0,93.754,34.416,29.541,29.797,MEDIUM,4.0,1.0,1,True,True,2,2024,Saudi Arabian Grand Prix
1,VER,5.0,93.955,34.457,29.59,29.908,MEDIUM,5.0,1.0,1,False,True,2,2024,Saudi Arabian Grand Prix
1,VER,6.0,93.676,34.355,29.545,29.776,MEDIUM,6.0,1.0,1,True,True,2,2024,Saudi Arabian Grand Prix
1,VER,10.0,95.024,35.648,29.514,29.862,HARD,3.0,2.0,1,False,True,2,2024,Saudi Arabian Grand Prix
1,VER,11.0,93.61,34.555,29.427,29.628,HARD,4.0,2.0,1,True,True,2,2024,Saudi Arabian Grand Prix
1,VER,12.0,93.321,34.391,29.239,29.691,HARD,5.0,2.0,1,True,True,2,2024,Saudi Arabian Grand Prix
1,VER,13.0,93.144,34.096,29.411,29.637,HARD,6.0,2.0,1,True,True,2,2024,Saudi Arabian Grand Prix
1,VER,14.0,93.194,34.303,29.274,29.617,HARD,7.0,2.0,1,False,True,2,2024,Saudi Arabian Grand Prix
1,VER,15.0,93.512,34.32,29.438,29.754,HARD,8.0,2.0,1,False,True,2,2024,Saudi Arabian Grand Prix
1,VER,16.0,93.192,34.239,29.383,29.57,HARD,9.0,2.0,1,False,True,2,2024,Saudi Arabian Grand Prix
1,VER,17.0,93.059,34.134,29.333,29.592,HARD,10.0,2.0,1,True,True,2,2024,Saudi Arabian Grand Prix
1,VER,18.0,93.139,34.172,29.33,29.637,HARD,11.0,2.0,1,False,True,2,2024,Saudi Arabian Grand Prix
1,VER,19.0,93.135,34.172,29.375,29.588,HARD,12.0,2.0,1,False,True,2,2024,Saudi Arabian Grand Prix
1,VER,20.0,93.066,34.155,29.384,29.527,HARD,13.0,2.0,1,False,True,2,2024,Saudi Arabian Grand Prix
1,VER,21.0,92.933,34.129,29.281,29.523,HARD,14.0,2.0,1,True,True,2,2024,Saudi Arabian Grand Prix
1,VER,22.0,92.98,34.195,29.241,29.544,HARD,15.0,2.0,1,False,True,2,2024,Saudi Arabian Grand Prix
1,VER,23.0,92.792,34.024,29.214,29.554,HARD,16.0,2.0,1,True,True,2,2024,Saudi Arabian Grand Prix
1,VER,24.0,92.683,33.956,29.191,29.536,HARD,17.0,2.0,1,True,True,2,2024,Saudi Arabian Grand Prix
1,VER,25.0,92.785,34.12,29.17,29.495,HARD,18.0,2.0,1,False,True,2,2024,Saudi Arabian Grand Prix
1,VER,26.0,92.561,33.949,29.144,29.468,HARD,19.0,2.0,1,True,True,2,2024,Saudi Arabian Grand Prix
1,VER,27.0,92.722,34.033,29.197,29.492,HARD,20.0,2.0,1,False,True,2,2024,Saudi Arabian Grand Prix
1,VER,28.0,92.674,33.962,29.194,29.518,HARD,21.0,2.0,1,False,True,2,2024,Saudi Arabian Grand Prix
1,VER,29.0,92.752,33.939,29.126,29.687,HARD,22.0,2.0,1,False,True,2,2024,Saudi Arabian Grand Prix
1,VER,30.0,92.601,33.902,29.221,29.478,HARD,23.0,2.0,1,False,True,2,2024,Saudi Arabian Grand Prix
1,VER,31.0,92.454,33.899,29.138,29.417,HARD,24.0,2.0,1,True,True,2,2024,Saudi Arabian Grand Prix
1,VER,32.0,92.545,33.99,29.125,29.43,HARD,25.0,2.0,1,False,True,2,2024,Saudi Arabian Grand Prix
1,VER,33.0,92.309,33.856,29.071,29.382,HARD,26.0,2.0,1,True,True,2,2024,Saudi Arabian Grand Prix
1,VER,34.0,92.558,33.918,29.188,29.452,HARD,27.0,2.0,1,False,True,2,2024,Saudi Arabian Grand Prix
1,VER,35.0,92.536,34.0,29.147,29.389,HARD,28.0,2.0,1,False,True,2,2024,Saudi Arabian Grand Prix
1,VER,36.0,92.413,33.965,29.074,29.374,HARD,29.0,2.0,1,False,True,2,2024,Saudi Arabian Grand Prix
1,VER,37.0,92.412,33.887,29.026,29.499,HARD,30.0,2.0,1,False,True,2,2024,Saudi Arabian Grand Prix
1,VER,38.0,92.296,33.875,29.067,29.354,HARD,31.0,2.0,1,True,True,2,2024,Saudi Arabian Grand Prix
1,VER,39.0,91.995,33.743,28.987,29.265,HARD,32.0,2.0,1,True,True,2,2024,Saudi Arabian Grand Prix
1,VER,40.0,92.555,34.039,29.096,29.42,HARD,33.0,2.0,1,False,True,2,2024,Saudi Arabian Grand Prix
1,VER,41.0,92.491,34.119,29.046,29.326,HARD,34.0,2.0,1,False,True,2,2024,Saudi Arabian Grand Prix
1,VER,42.0,93.013,34.337,29.205,29.471,HARD,35.0,2.0,1,False,True,2,2024,Saudi Arabian Grand Prix
1,VER,43.0,93.123,34.553,29.211,29.359,HARD,36.0,2.0,1,False,True,2,2024,Saudi Arabian Grand Prix
1,VER,44.0,92.377,33.996,29.009,29.372,HARD,37.0,2.0,1,False,True,2,2024,Saudi Arabian Grand Prix
1,VER,45.0,93.01,34.348,29.199,29.463,HARD,38.0,2.0,1,False,True,2,2024,Saudi Arabian Grand Prix
1,VER,46.0,92.889,34.168,29.292,29.429,HARD,39.0,2.0,1,False,True,2,2024,Saudi Arabian Grand Prix
1,VER,47.0,92.784,34.402,29.034,29.348,HARD,40.0,2.0,1,False,True,2,2024,Saudi Arabian Grand Prix
1,VER,48.0,92.563,34.127,29.104,29.332,HARD,41.0,2.0,1,False,True,2,2024,Saudi Arabian Grand Prix
1,VER,49.0,92.163,33.841,29.093,29.229,HARD,42.0,2.0,1,False,True,2,2024,Saudi Arabian Grand Prix
1,VER,50.0,91.773,33.781,28.864,29.128,HARD,43.0,2.0,1,True,True,2,2024,Saudi Arabian Grand Prix
11,PER,2.0,94.515,35.07,29.781,29.664,MEDIUM,2.0,1.0,1,True,True,2,2024,Saudi Arabian Grand Prix
11,PER,3.0,94.055,34.799,29.603,29.653,MEDIUM,3.0,1.0,1,True,True,2,2024,Saudi Arabian Grand Prix
11,PER,4.0,94.046,34.751,29.57,29.725,MEDIUM,4.0,1.0,1,True,True,2,2024,Saudi Arabian Grand Prix
11,PER,5.0,94.085,34.625,29.673,29.787,MEDIUM,5.0,1.0,1,False,True,2,2024,Saudi Arabian Grand Prix
11,PER,6.0,93.842,34.574,29.549,29.719,MEDIUM,6.0,1.0,1,True,True,2,2024,Saudi Arabian Grand Prix
11,PER,10.0,96.005,36.36,29.896,29.749,HARD,3.0,2.0,1,False,True,2,2024,Saudi Arabian Grand Prix
11,PER,11.0,93.859,35.019,29.543,29.297,HARD,4.0,2.0,1,False,True,2,2024,Saudi Arabian Grand Prix
11,PER,12.0,93.93,35.0,29.502,29.428,HARD,5.0,2.0,1,False,True,2,2024,Saudi Arabian Grand Prix
11,PER,13.0,94.053,34.785,29.641,29.627,HARD,6.0,2.0,1,False,True,2,2024,Saudi Arabian Grand Prix
11,PER,14.0,93.814,34.633,29.519,29.662,HARD,7.0,2.0,1,True,True,2,2024,Saudi Arabian Grand Prix
11,PER,15.0,93.45,34.515,29.477,29.458,HARD,8.0,2.0,1,True,True,2,2024,Saudi Arabian Grand Prix
11,PER,16.0,93.536,34.719,29.404,29.413,HARD,9.0,2.0,1,False,True,2,2024,Saudi Arabian Grand Prix
11,PER,17.0,94.169,34.882,29.392,29.895,HARD,10.0,2.0,1,False,True,2,2024,Saudi Arabian Grand Prix
11,PER,18.0,93.282,34.34,29.396,29.546,HARD,11.0,2.0,1,True,True,2,2024,Saudi Arabian Grand Prix
11,PER,19.0,93.545,34.462,29.548,29.535,HARD,12.0,2.0,1,False,True,2,2024,Saudi Arabian Grand Prix
11,PER,20.0,93.377,34.399,29.419,29.559,HARD,13.0,2.0,1,False,True,2,2024,Saudi Arabian Grand Prix
11,PER,21.0,93.132,34.191,29.457,29.484,HARD,14.0,2.0,1,True,True,2,2024,Saudi Arabian Grand Prix
11,PER,22.0,93.064,34.206,29.341,29.517,HARD,15.0,2.0,1,True,True,2,2024,Saudi Arabian Grand Prix
11,PER,23.0,92.97,34.259,29.346,29.365,HARD,16.0,2.0,1,True,True,2,2024,Saudi Arabian Grand Prix
11,PER,24.0,92.795,34.002,29.272,29.521,HARD,17.0,2.0,1,True,True,2,2024,Saudi Arabian Grand Prix
11,PER,25.0,93.029,34.219,29.359,29.451,HARD,18.0,2.0,1,False,True,2,2024,Saudi Arabian Grand Prix
11,PER,26.0,92.75,33.951,29.309,29.49,HARD,19.0,2.0,1,True,True,2,2024,Saudi Arabian Grand Prix
11,PER,27.0,92.734,34.045,29.275,29.414,HARD,20.0,2.0,1,True,True,2,2024,Saudi Arabian Grand Prix
11,PER,28.0,92.968,34.129,29.353,29.486,HARD,21.0,2.0,1,False,True,2,2024,Saudi Arabian Grand Prix
11,PER,29.0,92.671,34.061,29.24,29.37,HARD,22.0,2.0,1,True,True,2,2024,Saudi Arabian Grand Prix
11,PER,30.0,92.782,34.063,29.212,29.507,HARD,23.0,2.0,1,False,True,2,2024,Saudi Arabian Grand Prix
11,PER,31.0,92.825,33.992,29.256,29.577,HARD,24.0,2.0,1,False,True,2,2024,Saudi Arabian Grand Prix
11,PER,32.0,92.506,33.975,29.178,29.353,HARD,25.0,2.0,1,True,True,2,2024,Saudi Arabian Grand Prix
11,PER,33.0,92.564,33.985,29.217,29.362,HARD,26.0,2.0,1,False,True,2,2024,Saudi Arabian Grand Prix
11,PER,34.0,92.631,34.056,29.271,29.304,HARD,27.0,2.0,1,False,True,2,2024,Saudi Arabian Grand Prix
11,PER,35.0,92.418,34.0,29.139,29.279,HARD,28.0,2.0,1,True,True,2,2024,Saudi Arabian Grand Prix
11,PER,36.0,92.363,33.948,29.135,29.28,HARD,29.0,2.0,1,True,True,2,2024,Saudi Arabian Grand Prix
11,PER,37.0,92.273,33.781,29.236,29.256,HARD,30.0,2.0,1,True,True,2,2024,Saudi Arabian Grand Prix
11,PER,38.0,92.711,34.097,29.253,29.361,HARD,31.0,2.0,1,False,True,2,2024,Saudi Arabian Grand Prix
11,PER,39.0,92.35,33.952,29.194,29.204,HARD,32.0,2.0,1,False,True,2,2024,Saudi Arabian Grand Prix
11,PER,40.0,92.72,34.179,29.155,29.386,HARD,33.0,2.0,1,False,True,2,2024,Saudi Arabian Grand Prix
11,PER,41.0,92.48,34.098,29.123,29.259,HARD,34.0,2.0,1,False,True,2,2024,Saudi Arabian Grand Prix
11,PER,42.0,92.433,33.903,29.159,29.371,HARD,35.0,2.0,1,False,True,2,2024,Saudi Arabian Grand Prix
11,PER,43.0,92.392,33.987,29.093,29.312,HARD,36.0,2.0,1,False,True,2,2024,Saudi Arabian Grand Prix
11,PER,44.0,92.441,33.983,29.167,29.291,HARD,37.0,2.0,1,False,True,2,2024,Saudi Arabian Grand Prix
11,PER,45.0,92.562,34.187,29.142,29.233,HARD,38.0,2.0,1,False,True,2,2024,Saudi Arabian Grand Prix
11,PER,46.0,92.481,34.002,29.207,29.272,HARD,39.0,2.0,1,False,True,2,2024,Saudi Arabian Grand Prix
11,PER,47.0,92.832,34.183,29.257,29.392,HARD,40.0,2.0,1,False,True,2,2024,Saudi Arabian Grand Prix
11,PER,48.0,92.514,33.997,29.17,29.347,HARD,41.0,2.0,1,False,True,2,2024,Saudi Arabian Grand Prix
11,PER,49.0,93.029,34.483,29.092,29.454,HARD,42.0,2.0,1,False,True,2,2024,Saudi Arabian Grand Prix
11,PER,50.0,92.831,34.299,29.185,29.347,HARD,43.0,2.0,1,False,True,2,2024,Saudi Arabian Grand Prix
14,ALO,2.0,95.724,35.945,29.705,30.074,MEDIUM,3.0,1.0,1,True,True,2,2024,Saudi Arabian Grand Prix
14,ALO,3.0,94.439,35.214,29.443,29.782,MEDIUM,4.0,1.0,1,True,True,2,2024,Saudi Arabian Grand Prix
14,ALO,4.0,94.746,35.313,29.54,29.893,MEDIUM,5.0,1.0,1,False,True,2,2024,Saudi Arabian Grand Prix
14,ALO,5.0,94.512,35.061,29.628,29.823,MEDIUM,6.0,1.0,1,False,True,2,2024,Saudi Arabian Grand Prix
14,ALO,6.0,94.48,35.089,29.616,29.775,MEDIUM,7.0,1.0,12,False,True,2,2024,Saudi Arabian Grand Prix
14,ALO,10.0,97.296,36.944,30.179,30.173,HARD,4.0,2.0,1,False,True,2,2024,Saudi Arabian Grand Prix
14,ALO,11.0,94.53,35.307,29.584,29.639,HARD,5.0,2.0,1,False,True,2,2024,Saudi Arabian Grand Prix
14,ALO,12.0,94.735,35.001,29.76,29.974,HARD,6.0,2.0,1,False,True,2,2024,Saudi Arabian Grand Prix
14,ALO,13.0,94.664,34.964,29.795,29.905,HARD,7.0,2.0,1,False,True,2,2024,Saudi Arabian Grand Prix
14,ALO,14.0,94.877,35.033,29.853,29.991,HARD,8.0,2.0,1,False,True,2,2024,Saudi Arabian Grand Prix
14,ALO,15.0,94.678,34.902,29.818,29.958,HARD,9.0,2.0,1,False,True,2,2024,Saudi Arabian Grand Prix
14,ALO,16.0,94.773,34.934,29.778,30.061,HARD,10.0,2.0,1,False,True,2,2024,Saudi Arabian Grand Prix
14,ALO,17.0,94.695,34.943,29.737,30.015,HARD,11.0,2.0,1,False,True,2,2024,Saudi Arabian Grand Prix
14,ALO,18.0,94.651,34.896,29.912,29.843,HARD,12.0,2.0,1,False,True,2,2024,Saudi Arabian Grand Prix
14,ALO,19.0,94.576,34.983,29.717,29.876,HARD,13.0,2.0,1,False,True,2,2024,Saudi Arabian Grand Prix
14,ALO,20.0,94.39,34.883,29.704,29.803,HARD,14.0,2.0,1,True,True,2,2024,Saudi Arabian Grand Prix
14,ALO,21.0,94.378,34.729,29.72,29.929,HARD,15.0,2.0,1,True,True,2,2024,Saudi Arabian Grand Prix
14,ALO,22.0,94.173,34.739,29.559,29.875,HARD,16.0,2.0,1,True,True,2,2024,Saudi Arabian Grand Prix
14,ALO,23.0,93.958,34.657,29.538,29.763,HARD,17.0,2.0,1,True,True,2,2024,Saudi Arabian Grand Prix
14,ALO,24.0,94.033,34.677,29.528,29.828,HARD,18.0,2.0,1,False,True,2,2024,Saudi Arabian Grand Prix
14,ALO,25.0,93.89,34.616,29.499,29.775,HARD,19.0,2.0,1,True,True,2,2024,Saudi Arabian Grand Prix
14,ALO,26.0,93.841,34.594,29.461,29.786,HARD,20.0,2.0,1,True,True,2,2024,Saudi Arabian Grand Prix
14,ALO,27.0,93.58,34.426,29.398,29.756,HARD,21.0,2.0,1,True,True,2,2024,Saudi Arabian Grand Prix
14,ALO,28.0,93.863,34.576,29.484,29.803,HARD,22.0,2.0,1,False,True,2,2024,Saudi Arabian Grand Prix
14,ALO,29.0,93.682,34.537,29.386,29.759,HARD,23.0,2.0,1,False,True,2,2024,Saudi Arabian Grand Prix
14,ALO,30.0,93.493,34.451,29.373,29.669,HARD,24.0,2.0,1,True,True,2,2024,Saudi Arabian Grand Prix
14,ALO,31.0,93.67,34.486,29.375,29.809,HARD,25.0,2.0,1,False,True,2,2024,Saudi Arabian Grand Prix
14,ALO,32.0,93.398,34.473,29.294,29.631,HARD,26.0,2.0,1,True,True,2,2024,Saudi Arabian Grand Prix
14,ALO,33.0,93.452,34.434,29.329,29.689,HARD,27.0,2.0,1,False,True,2,2024,Saudi Arabian Grand Prix
14,ALO,34.0,93.261,34.38,29.248,29.633,HARD,28.0,2.0,1,True,True,2,2024,Saudi Arabian Grand Prix
14,ALO,35.0,93.395,34.323,29.277,29.795,HARD,29.0,2.0,1,False,True,2,2024,Saudi Arabian Grand Prix
14,ALO,36.0,93.014,34.245,29.25,29.519,HARD,30.0,2.0,1,True,True,2,2024,Saudi Arabian Grand Prix
14,ALO,37.0,93.116,34.24,29.262,29.614,HARD,31.0,2.0,1,False,True,2,2024,Saudi Arabian Grand Prix
14,ALO,38.0,92.937,34.158,29.198,29.581,HARD,32.0,2.0,1,True,True,2,2024,Saudi Arabian Grand Prix
14,ALO,39.0,92.692,34.055,29.086,29.551,HARD,33.0,2.0,1,True,True,2,2024,Saudi Arabian Grand Prix
14,ALO,40.0,92.427,34.056,28.961,29.41,HARD,34.0,2.0,1,True,True,2,2024,Saudi Arabian Grand Prix
14,ALO,41.0,92.662,34.078,29.065,29.519,HARD,35.0,2.0,1,False,True,2,2024,Saudi Arabian Grand Prix
14,ALO,42.0,92.41,33.949,29.054,29.407,HARD,36.0,2.0,1,True,True,2,2024,Saudi Arabian Grand Prix
14,ALO,43.0,92.387,33.992,28.953,29.442,HARD,37.0,2.0,1,True,True,2,2024,Saudi Arabian Grand Prix
14,ALO,44.0,92.474,34.096,28.971,29.407,HARD,38.0,2.0,1,False,True,2,2024,Saudi Arabian Grand Prix
14,ALO,45.0,92.413,34.007,29.022,29.384,HARD,39.0,2.0,1,False,True,2,2024,Saudi Arabian Grand Prix
14,ALO,46.0,92.641,34.101,29.066,29.474,HARD,40.0,2.0,1,False,True,2,2024,Saudi Arabian Grand Prix
14,ALO,47.0,92.579,34.06,29.02,29.499,HARD,41.0,2.0,1,False,True,2,2024,Saudi Arabian Grand Prix
14,ALO,48.0,92.629,34.035,29.132,29.462,HARD,42.0,2.0,1,False,True,2,2024,Saudi Arabian Grand Prix
14,ALO,49.0,92.389,34.003,28.907,29.479,HARD,43.0,2.0,1,False,True,2,2024,Saudi Arabian Grand Prix
14,ALO,50.0,92.779,34.105,29.053,29.621,HARD,44.0,2.0,1,False,True,2,2024,Saudi Arabian Grand Prix
16,LEC,2.0,94.179,34.757,29.603,29.819,MEDIUM,2.0,1.0,1,True,True,2,2024,Saudi Arabian Grand Prix
16,LEC,3.0,94.549,34.851,29.856,29.842,MEDIUM,3.0,1.0,1,False,True,2,2024,Saudi Arabian Grand Prix
16,LEC,4.0,95.213,35.927,29.635,29.651,MEDIUM,4.0,1.0,1,False,True,2,2024,Saudi Arabian Grand Prix
16,LEC,5.0,94.382,34.902,29.654,29.826,MEDIUM,5.0,1.0,1,False,True,2,2024,Saudi Arabian Grand Prix
16,LEC,6.0,94.244,34.737,29.696,29.811,MEDIUM,6.0,1.0,1,False,True,2,2024,Saudi Arabian Grand Prix
16,LEC,10.0,96.082,36.458,29.741,29.883,HARD,3.0,2.0,1,False,True,2,2024,Saudi Arabian Grand Prix
16,LEC,11.0,94.443,35.345,29.571,29.527,HARD,4.0,2.0,1,False,True,2,2024,Saudi Arabian Grand Prix
16,LEC,12.0,93.599,34.732,29.576,29.291,HARD,5.0,2.0,1,True,True,2,2024,Saudi Arabian Grand Prix
16,LEC,13.0,94.627,35.443,29.747,29.437,HARD,6.0,2.0,1,False,True,2,2024,Saudi Arabian Grand Prix
16,LEC,14.0,94.039,35.106,29.602,29.331,HARD,7.0,2.0,1,False,True,2,2024,Saudi Arabian Grand Prix
16,LEC,15.0,94.225,34.869,29.647,29.709,HARD,8.0,2.0,1,False,True,2,2024,Saudi Arabian Grand Prix
16,LEC,16.0,94.033,34.623,29.653,29.757,HARD,9.0,2.0,1,False,True,2,2024,Saudi Arabian Grand Prix
16,LEC,17.0,94.073,34.602,29.638,29.833,HARD,10.0,2.0,1,False,True,2,2024,Saudi Arabian Grand Prix
16,LEC,18.0,94.142,34.703,29.663,29.776,HARD,11.0,2.0,1,False,True,2,2024,Saudi Arabian Grand Prix
16,LEC,19.0,93.94,34.7,29.52,29.72,HARD,12.0,2.0,1,False,True,2,2024,Saudi Arabian Grand Prix
16,LEC,20.0,93.949,34.734,29.551,29.664,HARD,13.0,2.0,1,False,True,2,2024,Saudi Arabian Grand Prix
16,LEC,21.0,93.722,34.562,29.535,29.625,HARD,14.0,2.0,1,False,True,2,2024,Saudi Arabian Grand Prix
16,LEC,22.0,93.702,34.505,29.563,29.634,HARD,15.0,2.0,1,False,True,2,2024,Saudi Arabian Grand Prix
16,LEC,23.0,93.602,34.525,29.498,29.579,HARD,16.0,2.0,1,False,True,2,2024,Saudi Arabian Grand Prix
16,LEC,24.0,93.511,34.499,29.443,29.569,HARD,17.0,2.0,1,True,True,2,2024,Saudi Arabian Grand Prix
16,LEC,25.0,93.136,34.411,29.258,29.467,HARD,18.0,2.0,1,True,True,2,2024,Saudi Arabian Grand Prix
16,LEC,26.0,93.51,34.95,29.334,29.226,HARD,19.0,2.0,1,False,True,2,2024,Saudi Arabian Grand Prix
16,LEC,27.0,93.151,34.087,29.421,29.643,HARD,20.0,2.0,1,False,True,2,2024,Saudi Arabian Grand Prix
16,LEC,28.0,93.202,33.992,29.51,29.7,HARD,21.0,2.0,1,False,True,2,2024,Saudi Arabian Grand Prix
16,LEC,29.0,93.305,34.229,29.48,29.596,HARD,22.0,2.0,1,False,True,2,2024,Saudi Arabian Grand Prix
16,LEC,30.0,92.863,34.034,29.334,29.495,HARD,23.0,2.0,1,True,True,2,2024,Saudi Arabian Grand Prix
16,LEC,31.0,92.606,33.852,29.225,29.529,HARD,24.0,2.0,1,True,True,2,2024,Saudi Arabian Grand Prix
16,LEC,32.0,92.959,33.998,29.346,29.615,HARD,25.0,2.0,1,False,True,2,2024,Saudi Arabian Grand Prix
16,LEC,33.0,93.064,34.074,29.404,29.586,HARD,26.0,2.0,1,False,True,2,2024,Saudi Arabian Grand Prix
16,LEC,34.0,93.097,34.015,29.529,29.553,HARD,27.0,2.0,1,False,True,2,2024,Saudi Arabian Grand Prix
16,LEC,35.0,93.013,34.047,29.381,29.585,HARD,28.0,2.0,1,False,True,2,2024,Saudi Arabian Grand Prix
16,LEC,36.0,92.915,33.953,29.399,29.563,HARD,29.0,2.0,1,False,True,2,2024,Saudi Arabian Grand Prix
16,LEC,37.0,92.674,33.871,29.276,29.527,HARD,30.0,2.0,1,False,True,2,2024,Saudi Arabian Grand Prix
16,LEC,38.0,92.632,34.03,29.157,29.445,HARD,31.0,2.0,1,False,True,2,2024,Saudi Arabian Grand Prix
16,LEC,39.0,92.722,33.983,29.226,29.513,HARD,32.0,2.0,1,False,True,2,2024,Saudi Arabian Grand Prix
16,LEC,40.0,92.282,33.896,29.111,29.275,HARD,33.0,2.0,1,True,True,2,2024,Saudi Arabian Grand Prix
16,LEC,41.0,92.504,33.936,29.187,29.381,HARD,34.0,2.0,1,False,True,2,2024,Saudi Arabian Grand Prix
16,LEC,42.0,92.66,34.077,29.135,29.448,HARD,35.0,2.0,1,False,True,2,2024,Saudi Arabian Grand Prix
16,LEC,43.0,92.556,34.02,29.165,29.371,HARD,36.0,2.0,1,False,True,2,2024,Saudi Arabian Grand Prix
16,LEC,44.0,92.679,33.979,29.234,29.466,HARD,37.0,2.0,1,False,True,2,2024,Saudi Arabian Grand Prix
16,LEC,45.0,92.552,33.883,29.319,29.35,HARD,38.0,2.0,1,False,True,2,2024,Saudi Arabian Grand Prix
16,LEC,46.0,92.052,33.737,29.074,29.241,HARD,39.0,2.0,1,True,True,2,2024,Saudi Arabian Grand Prix
16,LEC,47.0,92.029,33.634,29.122,29.273,HARD,40.0,2.0,1,True,True,2,2024,Saudi Arabian Grand Prix
16,LEC,48.0,93.364,33.936,29.713,29.715,HARD,41.0,2.0,1,False,True,2,2024,Saudi Arabian Grand Prix
16,LEC,49.0,91.931,33.682,28.97,29.279,HARD,42.0,2.0,1,True,True,2,2024,Saudi Arabian Grand Prix
16,LEC,50.0,91.632,33.75,28.668,29.214,HARD,43.0,2.0,1,True,True,2,2024,Saudi Arabian Grand Prix
18,STR,2.0,96.094,35.771,30.16,30.163,MEDIUM,3.0,1.0,1,True,True,2,2024,Saudi Arabian Grand Prix
18,STR,3.0,95.79,35.453,30.148,30.189,MEDIUM,4.0,1.0,1,True,True,2,2024,Saudi Arabian Grand Prix
18,STR,4.0,95.735,35.301,30.247,30.187,MEDIUM,5.0,1.0,1,True,True,2,2024,Saudi Arabian Grand Prix
18,STR,5.0,95.56,35.293,30.188,30.079,MEDIUM,6.0,1.0,1,True,True,2,2024,Saudi Arabian Grand Prix
2,SAR,2.0,98.418,37.303,30.722,30.393,MEDIUM,2.0,1.0,1,True,True,2,2024,Saudi Arabian Grand Prix
2,SAR,3.0,96.871,36.326,30.341,30.204,MEDIUM,3.0,1.0,1,True,True,2,2024,Saudi Arabian Grand Prix
2,SAR,4.0,96.544,36.153,30.291,30.1,MEDIUM,4.0,1.0,1,True,True,2,2024,Saudi Arabian Grand Prix
2,SAR,5.0,96.204,35.938,30.121,30.145,MEDIUM,5.0,1.0,1,True,True,2,2024,Saudi Arabian Grand Prix
2,SAR,6.0,96.203,35.749,30.086,30.368,MEDIUM,6.0,1.0,12,True,True,2,2024,Saudi Arabian Grand Prix
2,SAR,10.0,100.141,38.458,30.866,30.817,HARD,3.0,2.0,1,False,True,2,2024,Saudi Arabian Grand Prix
2,SAR,11.0,96.468,36.344,30.175,29.949,HARD,4.0,2.0,1,False,True,2,2024,Saudi Arabian Grand Prix
2,SAR,12.0,95.642,35.639,30.071,29.932,HARD,5.0,2.0,1,True,True,2,2024,Saudi Arabian Grand Prix
2,SAR,13.0,95.751,35.743,30.108,29.9,HARD,6.0,2.0,1,False,True,2,2024,Saudi Arabian Grand Prix
2,SAR,14.0,95.207,35.526,29.922,29.759,HARD,7.0,2.0,1,True,True,2,2024,Saudi Arabian Grand Prix
2,SAR,15.0,95.601,35.548,29.97,30.083,HARD,8.0,2.0,1,False,True,2,2024,Saudi Arabian Grand Prix
2,SAR,16.0,96.062,35.952,30.028,30.082,HARD,9.0,2.0,1,False,True,2,2024,Saudi Arabian Grand Prix
2,SAR,17.0,96.336,36.065,30.102,30.169,HARD,10.0,2.0,1,False,True,2,2024,Saudi Arabian Grand Prix
2,SAR,18.0,96.039,35.719,30.213,30.107,HARD,11.0,2.0,1,False,True,2,2024,Saudi Arabian Grand Prix
2,SAR,19.0,95.361,35.415,29.984,29.962,HARD,12.0,2.0,1,False,True,2,2024,Saudi Arabian Grand Prix
2,SAR,20.0,95.251,35.308,29.973,29.97,HARD,13.0,2.0,1,False,True,2,2024,Saudi Arabian Grand Prix
2,SAR,21.0,95.082,35.159,29.953,29.97,HARD,14.0,2.0,1,True,True,2,2024,Saudi Arabian Grand Prix
2,SAR,22.0,95.601,35.472,29.997,30.132,HARD,15.0,2.0,1,False,True,2,2024,Saudi Arabian Grand Prix
2,SAR,23.0,95.016,35.34,29.841,29.835,HARD,16.0,2.0,1,True,True,2,2024,Saudi Arabian Grand Prix
2,SAR,24.0,95.133,35.392,29.975,29.766,HARD,17.0,2.0,1,False,True,2,2024,Saudi Arabian Grand Prix
2,SAR,25.0,96.539,36.231,30.238,30.07,HARD,18.0,2.0,1,False,True,2,2024,Saudi Arabian Grand Prix
2,SAR,26.0,96.497,36.255,30.218,30.024,HARD,19.0,2.0,1,False,True,2,2024,Saudi Arabian Grand Prix
2,SAR,27.0,96.198,35.934,30.282,29.982,HARD,20.0,2.0,1,False,True,2,2024,Saudi Arabian Grand Prix
2,SAR,28.0,95.886,35.701,30.345,29.84,HARD,21.0,2.0,1,False,True,2,2024,Saudi Arabian Grand Prix
2,SAR,29.0,96.047,36.095,30.058,29.894,HARD,22.0,2.0,1,False,True,2,2024,Saudi Arabian Grand Prix
2,SAR,30.0,95.75,35.725,30.206,29.819,HARD,23.0,2.0,1,False,True,2,2024,Saudi Arabian Grand Prix
2,SAR,31.0,95.879,35.994,30.034,29.851,HARD,24.0,2.0,1,False,True,2,2024,Saudi Arabian Grand Prix
2,SAR,32.0,95.897,35.934,30.097,29.866,HARD,25.0,2.0,1,False,True,2,2024,Saudi Arabian Grand Prix
2,SAR,33.0,95.7,36.155,29.809,29.736,HARD,26.0,2.0,1,False,True,2,2024,Saudi Arabian Grand Prix
2,SAR,34.0,94.843,35.442,29.784,29.617,HARD,27.0,2.0,1,True,True,2,2024,Saudi Arabian Grand Prix
2,SAR,35.0,94.716,35.301,29.851,29.564,HARD,28.0,2.0,1,True,True,2,2024,Saudi Arabian Grand Prix
2,SAR,36.0,94.576,35.216,29.696,29.664,HARD,29.0,2.0,1,True,True,2,2024,Saudi Arabian Grand Prix
2,SAR,37.0,94.228,34.96,29.684,29.584,HARD,30.0,2.0,1,True,True,2,2024,Saudi Arabian Grand Prix
2,SAR,38.0,93.763,34.749,29.457,29.557,HARD,31.0,2.0,1,True,True,2,2024,Saudi Arabian Grand Prix
2,SAR,39.0,93.97,34.958,29.471,29.541,HARD,32.0,2.0,1,False,True,2,2024,Saudi Arabian Grand Prix
2,SAR,40.0,93.547,34.661,29.359,29.527,HARD,33.0,2.0,1,True,True,2,2024,Saudi Arabian Grand Prix
2,SAR,41.0,93.838,35.051,29.373,29.414,HARD,34.0,2.0,1,False,True,2,2024,Saudi Arabian Grand Prix
2,SAR,42.0,93.648,34.875,29.282,29.491,HARD,35.0,2.0,1,False,True,2,2024,Saudi Arabian Grand Prix
2,SAR,43.0,93.766,34.869,29.378,29.519,HARD,36.0,2.0,1,False,True,2,2024,Saudi Arabian Grand Prix
2,SAR,44.0,95.215,34.746,30.819,29.65,HARD,37.0,2.0,1,False,True,2,2024,Saudi Arabian Grand Prix
2,SAR,45.0,94.077,34.812,29.554,29.711,HARD,38.0,2.0,1,False,True,2,2024,Saudi Arabian Grand Prix
2,SAR,46.0,94.141,35.016,29.46,29.665,HARD,39.0,2.0,1,False,True,2,2024,Saudi Arabian Grand Prix
2,SAR,47.0,93.718,34.616,29.351,29.751,HARD,40.0,2.0,1,False,True,2,2024,Saudi Arabian Grand Prix
2,SAR,48.0,93.383,34.529,29.348,29.506,HARD,41.0,2.0,1,True,True,2,2024,Saudi Arabian Grand Prix
2,SAR,49.0,93.026,34.439,29.211,29.376,HARD,42.0,2.0,1,True,True,2,2024,Saudi Arabian Grand Prix
20,MAG,2.0,97.522,37.419,30.138,29.965,MEDIUM,2.0,1.0,1,True,True,2,2024,Saudi Arabian Grand Prix
20,MAG,3.0,95.85,35.815,30.103,29.932,MEDIUM,3.0,1.0,1,True,True,2,2024,Saudi Arabian Grand Prix
20,MAG,4.0,95.367,35.537,29.956,29.874,MEDIUM,4.0,1.0,1,True,True,2,2024,Saudi Arabian Grand Prix
20,MAG,5.0,95.684,35.781,30.081,29.822,MEDIUM,5.0,1.0,1,False,True,2,2024,Saudi Arabian Grand Prix
20,MAG,6.0,96.027,35.769,30.206,30.052,MEDIUM,6.0,1.0,12,False,True,2,2024,Saudi Arabian Grand Prix
20,MAG,10.0,99.463,38.527,30.559,30.377,HARD,3.0,2.0,1,False,True,2,2024,Saudi Arabian Grand Prix
20,MAG,11.0,96.036,36.096,30.152,29.788,HARD,4.0,2.0,1,False,True,2,2024,Saudi Arabian Grand Prix
20,MAG,12.0,95.229,35.57,29.944,29.715,HARD,5.0,2.0,1,True,True,2,2024,Saudi Arabian Grand Prix
20,MAG,13.0,95.062,35.513,29.888,29.661,HARD,6.0,2.0,1,True,True,2,2024,Saudi Arabian Grand Prix
20,MAG,14.0,95.553,35.596,30.154,29.803,HARD,7.0,2.0,1,False,True,2,2024,Saudi Arabian Grand Prix
20,MAG,15.0,95.746,35.796,30.074,29.876,HARD,8.0,2.0,1,False,True,2,2024,Saudi Arabian Grand Prix
20,MAG,16.0,96.1,36.392,30.091,29.617,HARD,9.0,2.0,1,False,True,2,2024,Saudi Arabian Grand Prix
20,MAG,17.0,96.621,36.447,30.141,30.033,HARD,10.0,2.0,1,False,True,2,2024,Saudi Arabian Grand Prix
20,MAG,18.0,95.266,35.237,30.01,30.019,HARD,11.0,2.0,1,False,True,2,2024,Saudi Arabian Grand Prix
20,MAG,19.0,95.22,35.318,29.957,29.945,HARD,12.0,2.0,1,False,True,2,2024,Saudi Arabian Grand Prix
20,MAG,20.0,95.012,35.225,29.959,29.828,HARD,13.0,2.0,1,True,True,2,2024,Saudi Arabian Grand Prix
20,MAG,21.0,94.923,35.229,29.763,29.931,HARD,14.0,2.0,1,True,True,2,2024,Saudi Arabian Grand Prix
20,MAG,22.0,95.804,35.779,30.008,30.017,HARD,15.0,2.0,1,False,True,2,2024,Saudi Arabian Grand Prix
20,MAG,23.0,96.198,36.375,29.957,29.866,HARD,16.0,2.0,1,False,True,2,2024,Saudi Arabian Grand Prix
20,MAG,24.0,96.072,36.264,29.983,29.825,HARD,17.0,2.0,1,False,True,2,2024,Saudi Arabian Grand Prix
20,MAG,25.0,96.555,36.561,29.906,30.088,HARD,18.0,2.0,1,False,True,2,2024,Saudi Arabian Grand Prix
20,MAG,26.0,96.26,36.579,29.808,29.873,HARD,19.0,2.0,1,False,True,2,2024,Saudi Arabian Grand Prix
20,MAG,27.0,96.222,36.586,29.869,29.767,HARD,20.0,2.0,1,False,True,2,2024,Saudi Arabian Grand Prix
20,MAG,28.0,96.099,36.373,29.681,30.045,HARD,21.0,2.0,1,False,True,2,2024,Saudi Arabian Grand Prix
20,MAG,29.0,95.797,36.062,29.785,29.95,HARD,22.0,2.0,1,False,True,2,2024,Saudi Arabian Grand Prix
20,MAG,30.0,95.843,36.329,29.725,29.789,HARD,23.0,2.0,1,False,True,2,2024,Saudi Arabian Grand Prix
20,MAG,31.0,96.061,36.5,29.632,29.929,HARD,24.0,2.0,1,False,True,2,2024,Saudi Arabian Grand Prix
20,MAG,32.0,95.783,36.336,29.651,29.796,HARD,25.0,2.0,1,False,True,2,2024,Saudi Arabian Grand Prix
20,MAG,33.0,95.7,36.29,29.674,29.736,HARD,26.0,2.0,1,False,True,2,2024,Saudi Arabian Grand Prix
20,MAG,34.0,94.174,34.753,29.681,29.74,HARD,27.0,2.0,1,True,True,2,2024,Saudi Arabian Grand Prix
20,MAG,35.0,93.923,34.681,29.531,29.711,HARD,28.0,2.0,1,True,True,2,2024,Saudi Arabian Grand Prix
20,MAG,36.0,93.76,34.509,29.557,29.694,HARD,29.0,2.0,1,True,True,2,2024,Saudi Arabian Grand Prix
20,MAG,37.0,93.516,34.443,29.444,29.629,HARD,30.0,2.0,1,True,True,2,2024,Saudi Arabian Grand Prix
20,MAG,38.0,93.429,34.416,29.388,29.625,HARD,31.0,2.0,1,True,True,2,2024,Saudi Arabian Grand Prix
20,MAG,39.0,93.203,34.225,29.31,29.668,HARD,32.0,2.0,1,True,True,2,2024,Saudi Arabian Grand Prix
20,MAG,40.0,92.93,34.213,29.233,29.484,HARD,33.0,2.0,1,True,True,2,2024,Saudi Arabian Grand Prix
20,MAG,41.0,92.855,34.044,29.272,29.539,HARD,34.0,2.0,1,True,True,2,2024,Saudi Arabian Grand Prix
20,MAG,42.0,92.715,33.954,29.285,29.476,HARD,35.0,2.0,1,True,True,2,2024,Saudi Arabian Grand Prix
20,MAG,43.0,92.902,34.118,29.304,29.48,HARD,36.0,2.0,1,False,True,2,2024,Saudi Arabian Grand Prix
20,MAG,44.0,92.644,33.941,29.301,29.402,HARD,37.0,2.0,1,True,True,2,2024,Saudi Arabian Grand Prix
20,MAG,45.0,92.638,33.856,29.232,29.55,HARD,38.0,2.0,1,True,True,2,2024,Saudi Arabian Grand Prix
20,MAG,46.0,92.812,33.97,29.396,29.446,HARD,39.0,2.0,1,False,True,2,2024,Saudi Arabian Grand Prix
20,MAG,47.0,92.338,33.881,29.088,29.369,HARD,40.0,2.0,1,True,True,2,2024,Saudi Arabian Grand Prix
20,MAG,48.0,93.474,34.893,29.227,29.354,HARD,41.0,2.0,1,False,True,2,2024,Saudi Arabian Grand Prix
20,MAG,49.0,93.437,34.333,29.412,29.692,HARD,42.0,2.0,1,False,True,2,2024,Saudi Arabian Grand Prix
20,MAG,50.0,94.603,35.144,29.638,29.821,HARD,43.0,2.0,1,False,True,2,2024,Saudi Arabian Grand Prix
22,TSU,2.0,96.873,36.61,30.236,30.027,MEDIUM,2.0,1.0,1,True,True,2,2024,Saudi Arabian Grand Prix
22,TSU,3.0,95.703,35.593,30.17,29.94,MEDIUM,3.0,1.0,1,True,True,2,2024,Saudi Arabian Grand Prix
22,TSU,4.0,95.378,35.57,29.858,29.95,MEDIUM,4.0,1.0,1,True,True,2,2024,Saudi Arabian Grand Prix
22,TSU,5.0,95.589,35.908,30.063,29.618,MEDIUM,5.0,1.0,1,False,True,2,2024,Saudi Arabian Grand Prix
22,TSU,6.0,96.275,36.227,30.049,29.999,MEDIUM,6.0,1.0,12,False,True,2,2024,Saudi Arabian Grand Prix
22,TSU,10.0,99.222,38.387,30.481,30.354,HARD,3.0,2.0,1,False,True,2,2024,Saudi Arabian Grand Prix
22,TSU,11.0,95.738,36.072,29.954,29.712,HARD,4.0,2.0,1,False,True,2,2024,Saudi Arabian Grand Prix
22,TSU,12.0,95.263,35.637,29.947,29.679,HARD,5.0,2.0,1,True,True,2,2024,Saudi Arabian Grand Prix
22,TSU,13.0,95.325,35.622,30.067,29.636,HARD,6.0,2.0,1,False,True,2,2024,Saudi Arabian Grand Prix
22,TSU,14.0,95.575,35.709,30.068,29.798,HARD,7.0,2.0,1,False,True,2,2024,Saudi Arabian Grand Prix
22,TSU,15.0,95.952,35.754,29.936,30.262,HARD,8.0,2.0,1,False,True,2,2024,Saudi Arabian Grand Prix
22,TSU,16.0,95.995,36.156,29.823,30.016,HARD,9.0,2.0,1,False,True,2,2024,Saudi Arabian Grand Prix
22,TSU,17.0,97.603,37.518,30.111,29.974,HARD,10.0,2.0,1,False,True,2,2024,Saudi Arabian Grand Prix
22,TSU,18.0,95.367,35.599,29.995,29.773,HARD,11.0,2.0,1,False,True,2,2024,Saudi Arabian Grand Prix
22,TSU,19.0,95.146,35.486,29.895,29.765,HARD,12.0,2.0,1,True,True,2,2024,Saudi Arabian Grand Prix
22,TSU,20.0,95.06,35.498,29.825,29.737,HARD,13.0,2.0,1,True,True,2,2024,Saudi Arabian Grand Prix
22,TSU,21.0,94.71,35.457,29.701,29.552,HARD,14.0,2.0,1,True,True,2,2024,Saudi Arabian Grand Prix
22,TSU,22.0,95.698,35.785,30.024,29.889,HARD,15.0,2.0,1,False,True,2,2024,Saudi Arabian Grand Prix
22,TSU,23.0,96.285,36.367,30.077,29.841,HARD,16.0,2.0,1,False,True,2,2024,Saudi Arabian Grand Prix
22,TSU,24.0,95.882,36.214,29.871,29.797,HARD,17.0,2.0,1,False,True,2,2024,Saudi Arabian Grand Prix
22,TSU,25.0,96.548,36.806,29.671,30.071,HARD,18.0,2.0,1,False,True,2,2024,Saudi Arabian Grand Prix
22,TSU,26.0,96.662,36.84,29.68,30.142,HARD,19.0,2.0,1,False,True,2,2024,Saudi Arabian Grand Prix
22,TSU,27.0,96.093,36.464,29.707,29.922,HARD,20.0,2.0,1,False,True,2,2024,Saudi Arabian Grand Prix
22,TSU,28.0,95.668,36.328,29.684,29.656,HARD,21.0,2.0,1,False,True,2,2024,Saudi Arabian Grand Prix
22,TSU,29.0,96.731,37.282,29.817,29.632,HARD,22.0,2.0,1,False,True,2,2024,Saudi Arabian Grand Prix
22,TSU,30.0,96.041,36.222,29.96,29.859,HARD,23.0,2.0,1,False,True,2,2024,Saudi Arabian Grand Prix
22,TSU,31.0,95.939,36.193,29.85,29.896,HARD,24.0,2.0,1,False,True,2,2024,Saudi Arabian Grand Prix
22,TSU,32.0,95.694,36.159,29.801,29.734,HARD,25.0,2.0,1,False,True,2,2024,Saudi Arabian Grand Prix
22,TSU,33.0,96.118,36.774,29.635,29.709,HARD,26.0,2.0,1,False,True,2,2024,Saudi Arabian Grand Prix
22,TSU,34.0,94.768,35.626,29.68,29.462,HARD,27.0,2.0,1,False,True,2,2024,Saudi Arabian Grand Prix
22,TSU,35.0,94.781,35.49,29.639,29.652,HARD,28.0,2.0,1,False,True,2,2024,Saudi Arabian Grand Prix
22,TSU,36.0,94.358,35.13,29.652,29.576,HARD,29.0,2.0,1,True,True,2,2024,Saudi Arabian Grand Prix
22,TSU,37.0,94.233,34.974,29.635,29.624,HARD,30.0,2.0,1,True,True,2,2024,Saudi Arabian Grand Prix
22,TSU,38.0,93.961,34.743,29.51,29.708,HARD,31.0,2.0,1,True,True,2,2024,Saudi Arabian Grand Prix
22,TSU,39.0,93.894,34.876,29.508,29.51,HARD,32.0,2.0,1,True,True,2,2024,Saudi Arabian Grand Prix
22,TSU,40.0,93.601,34.619,29.479,29.503,HARD,33.0,2.0,1,True,True,2,2024,Saudi Arabian Grand Prix
22,TSU,41.0,93.731,34.725,29.443,29.563,HARD,34.0,2.0,1,False,True,2,2024,Saudi Arabian Grand Prix
22,TSU,42.0,93.623,34.63,29.439,29.554,HARD,35.0,2.0,1,False,True,2,2024,Saudi Arabian Grand Prix
22,TSU,43.0,93.767,34.621,29.542,29.604,HARD,36.0,2.0,1,False,True,2,2024,Saudi Arabian Grand Prix
22,TSU,44.0,93.523,34.541,29.493,29.489,HARD,37.0,2.0,1,True,True,2,2024,Saudi Arabian Grand Prix
22,TSU,45.0,93.644,34.656,29.394,29.594,HARD,38.0,2.0,1,False,True,2,2024,Saudi Arabian Grand Prix
22,TSU,46.0,94.961,35.343,30.098,29.52,HARD,39.0,2.0,1,False,True,2,2024,Saudi Arabian Grand Prix
22,TSU,47.0,93.525,34.567,29.343,29.615,HARD,40.0,2.0,1,False,True,2,2024,Saudi Arabian Grand Prix
22,TSU,48.0,93.84,34.678,29.494,29.668,HARD,41.0,2.0,1,False,True,2,2024,Saudi Arabian Grand Prix
22,TSU,49.0,93.56,34.63,29.419,29.511,HARD,42.0,2.0,1,False,True,2,2024,Saudi Arabian Grand Prix
23,ALB,2.0,97.553,37.27,30.174,30.109,MEDIUM,2.0,1.0,1,True,True,2,2024,Saudi Arabian Grand Prix
23,ALB,3.0,95.986,35.739,30.029,30.218,MEDIUM,3.0,1.0,1,True,True,2,2024,Saudi Arabian Grand Prix
23,ALB,4.0,95.553,35.715,29.935,29.903,MEDIUM,4.0,1.0,1,True,True,2,2024,Saudi Arabian Grand Prix
23,ALB,5.0,95.59,35.622,30.005,29.963,MEDIUM,5.0,1.0,1,False,True,2,2024,Saudi Arabian Grand Prix
23,ALB,6.0,95.977,35.791,30.052,30.134,MEDIUM,6.0,1.0,12,False,True,2,2024,Saudi Arabian Grand Prix
23,ALB,10.0,100.318,39.036,30.557,30.725,HARD,3.0,2.0,1,False,True,2,2024,Saudi Arabian Grand Prix
23,ALB,11.0,96.232,36.04,30.082,30.11,HARD,4.0,2.0,1,False,True,2,2024,Saudi Arabian Grand Prix
23,ALB,12.0,95.441,35.514,29.964,29.963,HARD,5.0,2.0,1,True,True,2,2024,Saudi Arabian Grand Prix
23,ALB,13.0,95.213,35.449,29.919,29.845,HARD,6.0,2.0,1,True,True,2,2024,Saudi Arabian Grand Prix
23,ALB,14.0,95.181,35.471,29.892,29.818,HARD,7.0,2.0,1,True,True,2,2024,Saudi Arabian Grand Prix
23,ALB,15.0,95.533,35.647,29.917,29.969,HARD,8.0,2.0,1,False,True,2,2024,Saudi Arabian Grand Prix
23,ALB,16.0,96.47,36.164,30.114,30.192,HARD,9.0,2.0,1,False,True,2,2024,Saudi Arabian Grand Prix
23,ALB,17.0,97.029,36.439,30.263,30.327,HARD,10.0,2.0,1,False,True,2,2024,Saudi Arabian Grand Prix
23,ALB,18.0,95.608,35.803,29.832,29.973,HARD,11.0,2.0,1,False,True,2,2024,Saudi Arabian Grand Prix
23,ALB,19.0,95.064,35.426,29.708,29.93,HARD,12.0,2.0,1,True,True,2,2024,Saudi Arabian Grand Prix
23,ALB,20.0,95.278,35.644,29.864,29.77,HARD,13.0,2.0,1,False,True,2,2024,Saudi Arabian Grand Prix
23,ALB,21.0,94.82,35.308,29.749,29.763,HARD,14.0,2.0,1,True,True,2,2024,Saudi Arabian Grand Prix
23,ALB,22.0,96.016,36.002,29.959,30.055,HARD,15.0,2.0,1,False,True,2,2024,Saudi Arabian Grand Prix
23,ALB,23.0,95.363,35.496,29.899,29.968,HARD,16.0,2.0,1,False,True,2,2024,Saudi Arabian Grand Prix
23,ALB,24.0,95.967,35.696,30.115,30.156,HARD,17.0,2.0,1,False,True,2,2024,Saudi Arabian Grand Prix
23,ALB,25.0,96.124,36.148,30.089,29.887,HARD,18.0,2.0,1,False,True,2,2024,Saudi Arabian Grand Prix
23,ALB,26.0,96.633,36.635,29.905,30.093,HARD,19.0,2.0,1,False,True,2,2024,Saudi Arabian Grand Prix
23,ALB,27.0,96.127,36.103,30.185,29.839,HARD,20.0,2.0,1,False,True,2,2024,Saudi Arabian Grand Prix
23,ALB,28.0,96.166,35.985,30.096,30.085,HARD,21.0,2.0,1,False,True,2,2024,Saudi Arabian Grand Prix
23,ALB,29.0,95.687,36.139,29.81,29.738,HARD,22.0,2.0,1,False,True,2,2024,Saudi Arabian Grand Prix
23,ALB,30.0,96.135,36.098,30.204,29.833,HARD,23.0,2.0,1,False,True,2,2024,Saudi Arabian Grand Prix
23,ALB,31.0,95.84,36.024,29.855,29.961,HARD,24.0,2.0,1,False,True,2,2024,Saudi Arabian Grand Prix
23,ALB,32.0,95.621,36.014,29.983,29.624,HARD,25.0,2.0,1,False,True,2,2024,Saudi Arabian Grand Prix
23,ALB,33.0,95.221,35.946,29.662,29.613,HARD,26.0,2.0,1,False,True,2,2024,Saudi Arabian Grand Prix
23,ALB,34.0,94.524,35.596,29.417,29.511,HARD,27.0,2.0,1,True,True,2,2024,Saudi Arabian Grand Prix
23,ALB,35.0,95.05,35.697,29.481,29.872,HARD,28.0,2.0,1,False,True,2,2024,Saudi Arabian Grand Prix
23,ALB,36.0,93.987,34.779,29.469,29.739,HARD,29.0,2.0,1,True,True,2,2024,Saudi Arabian Grand Prix
23,ALB,37.0,93.939,34.692,29.501,29.746,HARD,30.0,2.0,1,True,True,2,2024,Saudi Arabian Grand Prix
23,ALB,38.0,93.673,34.538,29.376,29.759,HARD,31.0,2.0,1,True,True,2,2024,Saudi Arabian Grand Prix
23,ALB,39.0,93.504,34.722,29.231,29.551,HARD,32.0,2.0,1,True,True,2,2024,Saudi Arabian Grand Prix
23,ALB,40.0,93.424,34.576,29.217,29.631,HARD,33.0,2.0,1,True,True,2,2024,Saudi Arabian Grand Prix
23,ALB,41.0,93.75,34.761,29.3,29.689,HARD,34.0,2.0,1,False,True,2,2024,Saudi Arabian Grand Prix
23,ALB,42.0,92.85,34.546,29.01,29.294,HARD,35.0,2.0,1,True,True,2,2024,Saudi Arabian Grand Prix
23,ALB,43.0,92.994,34.116,29.271,29.607,HARD,36.0,2.0,1,False,True,2,2024,Saudi Arabian Grand Prix
23,ALB,44.0,92.997,34.316,29.167,29.514,HARD,37.0,2.0,1,False,True,2,2024,Saudi Arabian Grand Prix
23,ALB,45.0,92.564,34.171,29.009,29.384,HARD,38.0,2.0,1,True,True,2,2024,Saudi Arabian Grand Prix
23,ALB,46.0,92.54,34.109,29.046,29.385,HARD,39.0,2.0,1,True,True,2,2024,Saudi Arabian Grand Prix
23,ALB,47.0,93.858,35.331,29.094,29.433,HARD,40.0,2.0,1,False,True,2,2024,Saudi Arabian Grand Prix
23,ALB,48.0,92.711,34.315,28.916,29.48,HARD,41.0,2.0,1,False,True,2,2024,Saudi Arabian Grand Prix
23,ALB,49.0,92.56,34.145,29.008,29.407,HARD,42.0,2.0,1,False,True,2,2024,Saudi Arabian Grand Prix
23,ALB,50.0,92.307,33.975,28.993,29.339,HARD,43.0,2.0,1,True,True,2,2024,Saudi Arabian Grand Prix
24,ZHO,2.0,98.539,37.329,30.946,30.264,MEDIUM,2.0,1.0,1,True,True,2,2024,Saudi Arabian Grand Prix
24,ZHO,3.0,97.232,36.3,30.556,30.376,MEDIUM,3.0,1.0,1,True,True,2,2024,Saudi Arabian Grand Prix
24,ZHO,4.0,96.526,36.001,30.359,30.166,MEDIUM,4.0,1.0,1,True,True,2,2024,Saudi Arabian Grand Prix
24,ZHO,5.0,96.238,35.861,30.252,30.125,MEDIUM,5.0,1.0,1,True,True,2,2024,Saudi Arabian Grand Prix
24,ZHO,6.0,97.072,35.967,30.415,30.69,MEDIUM,6.0,1.0,12,False,True,2,2024,Saudi Arabian Grand Prix
24,ZHO,10.0,98.417,37.871,30.292,30.254,MEDIUM,10.0,1.0,1,False,True,2,2024,Saudi Arabian Grand Prix
24,ZHO,11.0,95.695,35.805,30.006,29.884,MEDIUM,11.0,1.0,1,True,True,2,2024,Saudi Arabian Grand Prix
24,ZHO,12.0,94.998,35.228,29.896,29.874,MEDIUM,12.0,1.0,1,True,True,2,2024,Saudi Arabian Grand Prix
24,ZHO,13.0,95.355,35.518,29.938,29.899,MEDIUM,13.0,1.0,1,False,True,2,2024,Saudi Arabian Grand Prix
24,ZHO,14.0,96.658,36.466,29.899,30.293,MEDIUM,14.0,1.0,1,False,True,2,2024,Saudi Arabian Grand Prix
24,ZHO,15.0,96.053,35.646,30.059,30.348,MEDIUM,15.0,1.0,1,False,True,2,2024,Saudi Arabian Grand Prix
24,ZHO,16.0,96.065,35.904,29.92,30.241,MEDIUM,16.0,1.0,1,False,True,2,2024,Saudi Arabian Grand Prix
24,ZHO,17.0,95.882,35.909,29.916,30.057,MEDIUM,17.0,1.0,1,False,True,2,2024,Saudi Arabian Grand Prix
24,ZHO,18.0,95.466,35.43,30.013,30.023,MEDIUM,18.0,1.0,1,False,True,2,2024,Saudi Arabian Grand Prix
24,ZHO,19.0,95.407,35.361,30.027,30.019,MEDIUM,19.0,1.0,1,False,True,2,2024,Saudi Arabian Grand Prix
24,ZHO,20.0,95.087,35.247,29.912,29.928,MEDIUM,20.0,1.0,1,False,True,2,2024,Saudi Arabian Grand Prix
24,ZHO,21.0,95.399,35.37,29.931,30.098,MEDIUM,21.0,1.0,1,False,True,2,2024,Saudi Arabian Grand Prix
24,ZHO,22.0,95.158,35.125,29.952,30.081,MEDIUM,22.0,1.0,1,False,True,2,2024,Saudi Arabian Grand Prix
24,ZHO,23.0,95.296,35.253,29.933,30.11,MEDIUM,23.0,1.0,1,False,True,2,2024,Saudi Arabian Grand Prix
24,ZHO,24.0,95.145,35.242,29.865,30.038,MEDIUM,24.0,1.0,1,False,True,2,2024,Saudi Arabian Grand Prix
24,ZHO,25.0,95.145,35.278,29.815,30.052,MEDIUM,25.0,1.0,1,False,True,2,2024,Saudi Arabian Grand Prix
24,ZHO,26.0,95.036,35.26,29.824,29.952,MEDIUM,26.0,1.0,1,False,True,2,2024,Saudi Arabian Grand Prix
24,ZHO,27.0,95.002,35.17,29.729,30.103,MEDIUM,27.0,1.0,1,False,True,2,2024,Saudi Arabian Grand Prix
24,ZHO,28.0,94.879,35.104,29.726,30.049,MEDIUM,28.0,1.0,1,True,True,2,2024,Saudi Arabian Grand Prix
24,ZHO,29.0,94.99,35.142,29.83,30.018,MEDIUM,29.0,1.0,1,False,True,2,2024,Saudi Arabian Grand Prix
24,ZHO,30.0,94.885,35.153,29.709,30.023,MEDIUM,30.0,1.0,1,False,True,2,2024,Saudi Arabian Grand Prix
24,ZHO,31.0,94.8,34.983,29.738,30.079,MEDIUM,31.0,1.0,1,True,True,2,2024,Saudi Arabian Grand Prix
24,ZHO,32.0,94.631,34.972,29.732,29.927,MEDIUM,32.0,1.0,1,True,True,2,2024,Saudi Arabian Grand Prix
24,ZHO,33.0,94.679,35.023,29.741,29.915,MEDIUM,33.0,1.0,1,False,True,2,2024,Saudi Arabian Grand Prix
24,ZHO,34.0,94.65,34.981,29.728,29.941,MEDIUM,34.0,1.0,1,False,True,2,2024,Saudi Arabian Grand Prix
24,ZHO,35.0,94.405,34.813,29.624,29.968,MEDIUM,35.0,1.0,1,True,True,2,2024,Saudi Arabian Grand Prix
24,ZHO,36.0,94.282,34.747,29.596,29.939,MEDIUM,36.0,1.0,1,True,True,2,2024,Saudi Arabian Grand Prix
24,ZHO,37.0,94.132,34.806,29.49,29.836,MEDIUM,37.0,1.0,1,True,True,2,2024,Saudi Arabian Grand Prix
24,ZHO,38.0,93.914,34.602,29.446,29.866,MEDIUM,38.0,1.0,1,True,True,2,2024,Saudi Arabian Grand Prix
24,ZHO,39.0,93.915,34.674,29.444,29.797,MEDIUM,39.0,1.0,1,False,True,2,2024,Saudi Arabian Grand Prix
24,ZHO,40.0,93.736,34.604,29.283,29.849,MEDIUM,40.0,1.0,1,True,True,2,2024,Saudi Arabian Grand Prix
24,ZHO,43.0,93.047,34.276,29.221,29.55,SOFT,2.0,2.0,1,True,True,2,2024,Saudi Arabian Grand Prix
24,ZHO,44.0,92.77,34.167,29.203,29.4,SOFT,3.0,2.0,1,True,True,2,2024,Saudi Arabian Grand Prix
24,ZHO,45.0,92.857,34.219,29.221,29.417,SOFT,4.0,2.0,1,False,True,2,2024,Saudi Arabian Grand Prix
24,ZHO,46.0,92.874,34.126,29.24,29.508,SOFT,5.0,2.0,1,False,True,2,2024,Saudi Arabian Grand Prix
24,ZHO,47.0,93.207,34.497,29.254,29.456,SOFT,6.0,2.0,1,False,True,2,2024,Saudi Arabian Grand Prix
24,ZHO,48.0,92.761,34.272,28.992,29.497,SOFT,7.0,2.0,1,True,True,2,2024,Saudi Arabian Grand Prix
24,ZHO,49.0,92.208,33.892,28.979,29.337,SOFT,8.0,2.0,1,True,True,2,2024,Saudi Arabian Grand Prix
27,HUL,2.0,97.836,37.559,30.401,29.876,MEDIUM,2.0,1.0,1,False,True,2,2024,Saudi Arabian Grand Prix
27,HUL,3.0,96.382,36.146,30.285,29.951,MEDIUM,3.0,1.0,1,True,True,2,2024,Saudi Arabian Grand Prix
27,HUL,4.0,96.231,35.786,30.354,30.091,MEDIUM,4.0,1.0,1,True,True,2,2024,Saudi Arabian Grand Prix
27,HUL,5.0,95.723,35.486,30.198,30.039,MEDIUM,5.0,1.0,1,True,True,2,2024,Saudi Arabian Grand Prix
27,HUL,6.0,96.398,35.701,30.239,30.458,MEDIUM,6.0,1.0,12,False,True,2,2024,Saudi Arabian Grand Prix
27,HUL,10.0,97.796,37.449,30.017,30.33,MEDIUM,10.0,1.0,1,False,True,2,2024,Saudi Arabian Grand Prix
27,HUL,11.0,94.864,35.558,29.716,29.59,MEDIUM,11.0,1.0,1,True,True,2,2024,Saudi Arabian Grand Prix
27,HUL,12.0,94.605,35.112,29.784,29.709,MEDIUM,12.0,1.0,1,True,True,2,2024,Saudi Arabian Grand Prix
27,HUL,13.0,95.367,35.322,29.978,30.067,MEDIUM,13.0,1.0,1,False,True,2,2024,Saudi Arabian Grand Prix
27,HUL,14.0,96.481,36.334,30.027,30.12,MEDIUM,14.0,1.0,1,False,True,2,2024,Saudi Arabian Grand Prix
27,HUL,15.0,95.495,35.314,30.054,30.127,MEDIUM,15.0,1.0,1,False,True,2,2024,Saudi Arabian Grand Prix
27,HUL,16.0,95.153,35.134,29.939,30.08,MEDIUM,16.0,1.0,1,False,True,2,2024,Saudi Arabian Grand Prix
27,HUL,17.0,95.205,35.144,29.975,30.086,MEDIUM,17.0,1.0,1,False,True,2,2024,Saudi Arabian Grand Prix
27,HUL,18.0,95.687,35.228,30.008,30.451,MEDIUM,18.0,1.0,1,False,True,2,2024,Saudi Arabian Grand Prix
27,HUL,19.0,95.174,35.076,29.99,30.108,MEDIUM,19.0,1.0,1,False,True,2,2024,Saudi Arabian Grand Prix
27,HUL,20.0,95.067,35.019,30.032,30.016,MEDIUM,20.0,1.0,1,False,True,2,2024,Saudi Arabian Grand Prix
27,HUL,21.0,96.369,36.167,30.13,30.072,MEDIUM,21.0,1.0,1,False,True,2,2024,Saudi Arabian Grand Prix
27,HUL,22.0,95.358,35.191,30.086,30.081,MEDIUM,22.0,1.0,1,False,True,2,2024,Saudi Arabian Grand Prix
27,HUL,23.0,94.816,34.99,29.832,29.994,MEDIUM,23.0,1.0,1,False,True,2,2024,Saudi Arabian Grand Prix
27,HUL,24.0,94.843,34.948,29.851,30.044,MEDIUM,24.0,1.0,1,False,True,2,2024,Saudi Arabian Grand Prix
27,HUL,25.0,94.725,34.835,29.843,30.047,MEDIUM,25.0,1.0,1,False,True,2,2024,Saudi Arabian Grand Prix
27,HUL,26.0,94.694,34.909,29.843,29.942,MEDIUM,26.0,1.0,1,False,True,2,2024,Saudi Arabian Grand Prix
27,HUL,27.0,94.704,34.882,29.78,30.042,MEDIUM,27.0,1.0,1,False,True,2,2024,Saudi Arabian Grand Prix
27,HUL,28.0,94.482,34.779,29.72,29.983,MEDIUM,28.0,1.0,1,True,True,2,2024,Saudi Arabian Grand Prix
27,HUL,29.0,94.235,34.681,29.696,29.858,MEDIUM,29.0,1.0,1,True,True,2,2024,Saudi Arabian Grand Prix
27,HUL,30.0,94.307,34.693,29.632,29.982,MEDIUM,30.0,1.0,1,False,True,2,2024,Saudi Arabian Grand Prix
27,HUL,31.0,94.182,34.648,29.597,29.937,MEDIUM,31.0,1.0,1,True,True,2,2024,Saudi Arabian Grand Prix
27,HUL,32.0,93.999,34.55,29.619,29.83,MEDIUM,32.0,1.0,1,True,True,2,2024,Saudi Arabian Grand Prix
27,HUL,35.0,93.106,34.267,29.275,29.564,HARD,2.0,2.0,1,True,True,2,2024,Saudi Arabian Grand Prix
27,HUL,36.0,93.015,34.214,29.216,29.585,HARD,3.0,2.0,1,True,True,2,2024,Saudi Arabian Grand Prix
27,HUL,37.0,93.248,34.457,29.25,29.541,HARD,4.0,2.0,1,False,True,2,2024,Saudi Arabian Grand Prix
27,HUL,38.0,93.153,34.298,29.309,29.546,HARD,5.0,2.0,1,False,True,2,2024,Saudi Arabian Grand Prix
27,HUL,39.0,93.045,34.246,29.26,29.539,HARD,6.0,2.0,1,False,True,2,2024,Saudi Arabian Grand Prix
27,HUL,40.0,92.932,34.275,29.18,29.477,HARD,7.0,2.0,1,True,True,2,2024,Saudi Arabian Grand Prix
27,HUL,41.0,92.84,34.206,29.15,29.484,HARD,8.0,2.0,1,True,True,2,2024,Saudi Arabian Grand Prix
27,HUL,42.0,92.592,34.091,29.11,29.391,HARD,9.0,2.0,1,True,True,2,2024,Saudi Arabian Grand Prix
27,HUL,43.0,92.752,34.046,29.121,29.585,HARD,10.0,2.0,1,False,True,2,2024,Saudi Arabian Grand Prix
27,HUL,44.0,92.636,34.039,29.187,29.41,HARD,11.0,2.0,1,False,True,2,2024,Saudi Arabian Grand Prix
27,HUL,45.0,92.493,34.018,29.048,29.427,HARD,12.0,2.0,1,True,True,2,2024,Saudi Arabian Grand Prix
27,HUL,46.0,92.43,33.923,29.144,29.363,HARD,13.0,2.0,1,True,True,2,2024,Saudi Arabian Grand Prix
27,HUL,47.0,92.379,33.912,28.976,29.491,HARD,14.0,2.0,1,True,True,2,2024,Saudi Arabian Grand Prix
27,HUL,48.0,92.52,34.149,29.026,29.345,HARD,15.0,2.0,1,False,True,2,2024,Saudi Arabian Grand Prix
27,HUL,49.0,92.366,34.024,29.035,29.307,HARD,16.0,2.0,1,True,True,2,2024,Saudi Arabian Grand Prix
27,HUL,50.0,93.081,34.241,29.278,29.562,HARD,17.0,2.0,1,False,True,2,2024,Saudi Arabian Grand Prix
3,RIC,2.0,98.035,37.42,30.467,30.148,MEDIUM,2.0,1.0,1,True,True,2,2024,Saudi Arabian Grand Prix
3,RIC,3.0,96.766,36.44,30.303,30.023,MEDIUM,3.0,1.0,1,True,True,2,2024,Saudi Arabian Grand Prix
3,RIC,4.0,96.271,35.734,30.292,30.245,MEDIUM,4.0,1.0,1,True,True,2,2024,Saudi Arabian Grand Prix
3,RIC,5.0,95.699,35.461,30.256,29.982,MEDIUM,5.0,1.0,1,True,True,2,2024,Saudi Arabian Grand Prix
3,RIC,6.0,95.847,35.463,30.075,30.309,MEDIUM,6.0,1.0,12,False,True,2,2024,Saudi Arabian Grand Prix
3,RIC,10.0,99.99,38.26,31.032,30.698,HARD,3.0,2.0,1,False,True,2,2024,Saudi Arabian Grand Prix
3,RIC,11.0,96.819,36.633,30.266,29.92,HARD,4.0,2.0,1,False,True,2,2024,Saudi Arabian Grand Prix
3,RIC,12.0,96.095,35.792,30.336,29.967,HARD,5.0,2.0,1,False,True,2,2024,Saudi Arabian Grand Prix
3,RIC,13.0,96.337,35.538,30.714,30.085,HARD,6.0,2.0,1,False,True,2,2024,Saudi Arabian Grand Prix
3,RIC,14.0,95.606,35.562,30.218,29.826,HARD,7.0,2.0,1,True,True,2,2024,Saudi Arabian Grand Prix
3,RIC,15.0,95.466,35.33,30.18,29.956,HARD,8.0,2.0,1,True,True,2,2024,Saudi Arabian Grand Prix
3,RIC,16.0,95.805,35.48,30.212,30.113,HARD,9.0,2.0,1,False,True,2,2024,Saudi Arabian Grand Prix
3,RIC,17.0,96.267,35.974,30.31,29.983,HARD,10.0,2.0,1,False,True,2,2024,Saudi Arabian Grand Prix
3,RIC,18.0,96.093,35.958,30.173,29.962,HARD,11.0,2.0,1,False,True,2,2024,Saudi Arabian Grand Prix
3,RIC,19.0,95.853,35.819,30.112,29.922,HARD,12.0,2.0,1,False,True,2,2024,Saudi Arabian Grand Prix
3,RIC,20.0,96.073,35.843,29.937,30.293,HARD,13.0,2.0,1,False,True,2,2024,Saudi Arabian Grand Prix
3,RIC,21.0,96.779,36.83,29.973,29.976,HARD,14.0,2.0,1,False,True,2,2024,Saudi Arabian Grand Prix
3,RIC,22.0,96.433,36.561,29.903,29.969,HARD,15.0,2.0,1,False,True,2,2024,Saudi Arabian Grand Prix
3,RIC,23.0,95.855,35.877,30.007,29.971,HARD,16.0,2.0,1,False,True,2,2024,Saudi Arabian Grand Prix
3,RIC,24.0,94.935,35.091,29.843,30.001,HARD,17.0,2.0,1,True,True,2,2024,Saudi Arabian Grand Prix
3,RIC,25.0,94.739,35.044,29.885,29.81,HARD,18.0,2.0,1,True,True,2,2024,Saudi Arabian Grand Prix
3,RIC,26.0,94.973,35.025,29.981,29.967,HARD,19.0,2.0,1,False,True,2,2024,Saudi Arabian Grand Prix
3,RIC,27.0,95.648,35.583,30.098,29.967,HARD,20.0,2.0,1,False,True,2,2024,Saudi Arabian Grand Prix
3,RIC,28.0,95.285,35.502,29.959,29.824,HARD,21.0,2.0,1,False,True,2,2024,Saudi Arabian Grand Prix
3,RIC,29.0,95.649,35.595,30.2,29.854,HARD,22.0,2.0,1,False,True,2,2024,Saudi Arabian Grand Prix
3,RIC,30.0,95.608,35.466,30.276,29.866,HARD,23.0,2.0,1,False,True,2,2024,Saudi Arabian Grand Prix
3,RIC,31.0,95.433,35.565,30.106,29.762,HARD,24.0,2.0,1,False,True,2,2024,Saudi Arabian Grand Prix
3,RIC,32.0,95.804,35.768,30.303,29.733,HARD,25.0,2.0,1,False,True,2,2024,Saudi Arabian Grand Prix
3,RIC,33.0,95.753,36.095,30.076,29.582,HARD,26.0,2.0,1,False,True,2,2024,Saudi Arabian Grand Prix
3,RIC,34.0,95.25,35.588,29.868,29.794,HARD,27.0,2.0,1,False,True,2,2024,Saudi Arabian Grand Prix
3,RIC,35.0,94.658,35.174,29.822,29.662,HARD,28.0,2.0,1,True,True,2,2024,Saudi Arabian Grand Prix
3,RIC,36.0,94.92,35.342,29.868,29.71,HARD,29.0,2.0,1,False,True,2,2024,Saudi Arabian Grand Prix
3,RIC,37.0,94.125,34.931,29.642,29.552,HARD,30.0,2.0,1,True,True,2,2024,Saudi Arabian Grand Prix
3,RIC,38.0,93.821,34.776,29.527,29.518,HARD,31.0,2.0,1,True,True,2,2024,Saudi Arabian Grand Prix
3,RIC,39.0,93.974,34.822,29.556,29.596,HARD,32.0,2.0,1,False,True,2,2024,Saudi Arabian Grand Prix
3,RIC,40.0,93.494,34.721,29.372,29.401,HARD,33.0,2.0,1,True,True,2,2024,Saudi Arabian Grand Prix
3,RIC,41.0,94.574,35.343,29.67,29.561,HARD,34.0,2.0,1,False,True,2,2024,Saudi Arabian Grand Prix
3,RIC,42.0,95.812,35.691,30.525,29.596,HARD,35.0,2.0,1,False,True,2,2024,Saudi Arabian Grand Prix
3,RIC,43.0,93.705,34.779,29.46,29.466,HARD,36.0,2.0,1,False,True,2,2024,Saudi Arabian Grand Prix
3,RIC,44.0,93.436,34.624,29.301,29.511,HARD,37.0,2.0,1,True,True,2,2024,Saudi Arabian Grand Prix
3,RIC,45.0,93.75,34.885,29.449,29.416,HARD,38.0,2.0,1,False,True,2,2024,Saudi Arabian Grand Prix
3,RIC,46.0,93.4,34.552,29.384,29.464,HARD,39.0,2.0,1,True,True,2,2024,Saudi Arabian Grand Prix
3,RIC,47.0,93.323,34.562,29.364,29.397,HARD,40.0,2.0,1,True,True,2,2024,Saudi Arabian Grand Prix
3,RIC,48.0,103.781,44.188,29.932,29.661,HARD,41.0,2.0,1,False,True,2,2024,Saudi Arabian Grand Prix
3,RIC,49.0,95.536,34.334,30.319,30.883,HARD,42.0,2.0,1,False,True,2,2024,Saudi Arabian Grand Prix
31,OCO,2.0,98.482,37.709,30.659,30.114,MEDIUM,2.0,1.0,1,True,True,2,2024,Saudi Arabian Grand Prix
31,OCO,3.0,96.92,36.32,30.427,30.173,MEDIUM,3.0,1.0,1,True,True,2,2024,Saudi Arabian Grand Prix
31,OCO,4.0,96.261,35.875,30.204,30.182,MEDIUM,4.0,1.0,1,True,True,2,2024,Saudi Arabian Grand Prix
31,OCO,5.0,96.003,35.727,30.153,30.123,MEDIUM,5.0,1.0,1,True,True,2,2024,Saudi Arabian Grand Prix
31,OCO,6.0,96.798,35.505,30.389,30.904,MEDIUM,6.0,1.0,12,False,True,2,2024,Saudi Arabian Grand Prix
31,OCO,10.0,99.439,38.307,30.515,30.617,HARD,3.0,2.0,1,False,True,2,2024,Saudi Arabian Grand Prix
31,OCO,11.0,95.969,36.156,30.118,29.695,HARD,4.0,2.0,1,True,True,2,2024,Saudi Arabian Grand Prix
31,OCO,12.0,95.4,35.633,29.872,29.895,HARD,5.0,2.0,1,True,True,2,2024,Saudi Arabian Grand Prix
31,OCO,13.0,95.107,35.506,29.824,29.777,HARD,6.0,2.0,1,True,True,2,2024,Saudi Arabian Grand Prix
31,OCO,14.0,95.432,35.525,30.106,29.801,HARD,7.0,2.0,1,False,True,2,2024,Saudi Arabian Grand Prix
31,OCO,15.0,95.717,35.792,30.026,29.899,HARD,8.0,2.0,1,False,True,2,2024,Saudi Arabian Grand Prix
31,OCO,16.0,96.245,36.319,29.994,29.932,HARD,9.0,2.0,1,False,True,2,2024,Saudi Arabian Grand Prix
31,OCO,17.0,97.264,36.819,30.101,30.344,HARD,10.0,2.0,1,False,True,2,2024,Saudi Arabian Grand Prix
31,OCO,18.0,95.436,35.655,29.942,29.839,HARD,11.0,2.0,1,False,True,2,2024,Saudi Arabian Grand Prix
31,OCO,19.0,95.152,35.53,29.911,29.711,HARD,12.0,2.0,1,False,True,2,2024,Saudi Arabian Grand Prix
31,OCO,20.0,95.02,35.44,29.871,29.709,HARD,13.0,2.0,1,True,True,2,2024,Saudi Arabian Grand Prix
31,OCO,21.0,94.925,35.383,29.841,29.701,HARD,14.0,2.0,1,True,True,2,2024,Saudi Arabian Grand Prix
31,OCO,22.0,95.218,35.49,29.92,29.808,HARD,15.0,2.0,1,False,True,2,2024,Saudi Arabian Grand Prix
31,OCO,23.0,96.216,36.275,30.09,29.851,HARD,16.0,2.0,1,False,True,2,2024,Saudi Arabian Grand Prix
31,OCO,24.0,96.124,36.07,30.165,29.889,HARD,17.0,2.0,1,False,True,2,2024,Saudi Arabian Grand Prix
31,OCO,25.0,96.373,36.401,29.926,30.046,HARD,18.0,2.0,1,False,True,2,2024,Saudi Arabian Grand Prix
31,OCO,26.0,96.331,36.625,29.868,29.838,HARD,19.0,2.0,1,False,True,2,2024,Saudi Arabian Grand Prix
31,OCO,27.0,96.399,36.41,30.212,29.777,HARD,20.0,2.0,1,False,True,2,2024,Saudi Arabian Grand Prix
31,OCO,28.0,95.884,36.049,30.157,29.678,HARD,21.0,2.0,1,False,True,2,2024,Saudi Arabian Grand Prix
31,OCO,29.0,95.305,35.624,29.785,29.896,HARD,22.0,2.0,1,False,True,2,2024,Saudi Arabian Grand Prix
31,OCO,30.0,96.117,36.326,29.891,29.9,HARD,23.0,2.0,1,False,True,2,2024,Saudi Arabian Grand Prix
31,OCO,31.0,95.912,36.31,29.779,29.823,HARD,24.0,2.0,1,False,True,2,2024,Saudi Arabian Grand Prix
31,OCO,32.0,95.709,36.228,29.665,29.816,HARD,25.0,2.0,1,False,True,2,2024,Saudi Arabian Grand Prix
31,OCO,33.0,95.753,36.304,29.67,29.779,HARD,26.0,2.0,1,False,True,2,2024,Saudi Arabian Grand Prix
31,OCO,34.0,94.087,35.063,29.492,29.532,HARD,27.0,2.0,1,True,True,2,2024,Saudi Arabian Grand Prix
31,OCO,35.0,94.061,35.081,29.409,29.571,HARD,28.0,2.0,1,True,True,2,2024,Saudi Arabian Grand Prix
31,OCO,36.0,93.799,34.881,29.369,29.549,HARD,29.0,2.0,1,True,True,2,2024,Saudi Arabian Grand Prix
31,OCO,37.0,93.81,34.845,29.517,29.448,HARD,30.0,2.0,1,False,True,2,2024,Saudi Arabian Grand Prix
31,OCO,38.0,93.845,34.643,29.442,29.76,HARD,31.0,2.0,1,False,True,2,2024,Saudi Arabian Grand Prix
31,OCO,39.0,94.047,34.721,29.501,29.825,HARD,32.0,2.0,1,False,True,2,2024,Saudi Arabian Grand Prix
31,OCO,40.0,93.716,34.6,29.347,29.769,HARD,33.0,2.0,1,True,True,2,2024,Saudi Arabian Grand Prix
31,OCO,41.0,93.711,34.532,29.502,29.677,HARD,34.0,2.0,1,True,True,2,2024,Saudi Arabian Grand Prix
31,OCO,42.0,93.633,34.532,29.461,29.64,HARD,35.0,2.0,1,True,True,2,2024,Saudi Arabian Grand Prix
31,OCO,43.0,94.59,35.359,29.6,29.631,HARD,36.0,2.0,1,False,True,2,2024,Saudi Arabian Grand Prix
31,OCO,44.0,93.871,34.803,29.467,29.601,HARD,37.0,2.0,1,False,True,2,2024,Saudi Arabian Grand Prix
31,OCO,45.0,93.643,34.713,29.349,29.581,HARD,38.0,2.0,1,False,True,2,2024,Saudi Arabian Grand Prix
31,OCO,46.0,93.757,34.502,29.533,29.722,HARD,39.0,2.0,1,False,True,2,2024,Saudi Arabian Grand Prix
31,OCO,47.0,95.294,34.722,29.585,30.987,HARD,40.0,2.0,1,False,True,2,2024,Saudi Arabian Grand Prix
31,OCO,48.0,93.481,34.57,29.352,29.559,HARD,41.0,2.0,1,True,True,2,2024,Saudi Arabian Grand Prix
31,OCO,49.0,93.813,34.63,29.521,29.662,HARD,42.0,2.0,1,False,True,2,2024,Saudi Arabian Grand Prix
38,BEA,2.0,97.415,37.634,29.937,29.844,SOFT,2.0,1.0,1,True,True,2,2024,Saudi Arabian Grand Prix
38,BEA,3.0,95.515,35.728,30.062,29.725,SOFT,3.0,1.0,1,True,True,2,2024,Saudi Arabian Grand Prix
38,BEA,4.0,95.645,35.862,30.067,29.716,SOFT,4.0,1.0,1,False,True,2,2024,Saudi Arabian Grand Prix
38,BEA,5.0,95.593,35.766,30.04,29.787,SOFT,5.0,1.0,1,False,True,2,2024,Saudi Arabian Grand Prix
38,BEA,6.0,96.122,35.873,30.007,30.242,SOFT,6.0,1.0,12,False,True,2,2024,Saudi Arabian Grand Prix
38,BEA,10.0,98.427,37.734,30.418,30.275,HARD,3.0,2.0,1,False,True,2,2024,Saudi Arabian Grand Prix
38,BEA,11.0,95.645,35.816,30.052,29.777,HARD,4.0,2.0,1,False,True,2,2024,Saudi Arabian Grand Prix
38,BEA,12.0,94.907,35.377,29.858,29.672,HARD,5.0,2.0,1,True,True,2,2024,Saudi Arabian Grand Prix
38,BEA,13.0,95.153,35.641,29.885,29.627,HARD,6.0,2.0,1,False,True,2,2024,Saudi Arabian Grand Prix
38,BEA,14.0,95.479,35.53,30.013,29.936,HARD,7.0,2.0,1,False,True,2,2024,Saudi Arabian Grand Prix
38,BEA,15.0,95.118,35.174,29.998,29.946,HARD,8.0,2.0,1,False,True,2,2024,Saudi Arabian Grand Prix
38,BEA,16.0,94.715,35.076,29.878,29.761,HARD,9.0,2.0,1,True,True,2,2024,Saudi Arabian Grand Prix
38,BEA,17.0,94.681,34.949,29.85,29.882,HARD,10.0,2.0,1,True,True,2,2024,Saudi Arabian Grand Prix
38,BEA,18.0,95.27,35.543,29.795,29.932,HARD,11.0,2.0,1,False,True,2,2024,Saudi Arabian Grand Prix
38,BEA,19.0,95.616,35.914,29.887,29.815,HARD,12.0,2.0,1,False,True,2,2024,Saudi Arabian Grand Prix
38,BEA,20.0,94.828,35.453,29.793,29.582,HARD,13.0,2.0,1,False,True,2,2024,Saudi Arabian Grand Prix
38,BEA,21.0,94.368,34.628,29.902,29.838,HARD,14.0,2.0,1,True,True,2,2024,Saudi Arabian Grand Prix
38,BEA,22.0,94.559,34.844,29.851,29.864,HARD,15.0,2.0,1,False,True,2,2024,Saudi Arabian Grand Prix
38,BEA,23.0,94.128,34.668,29.649,29.811,HARD,16.0,2.0,1,True,True,2,2024,Saudi Arabian Grand Prix
38,BEA,24.0,93.966,34.503,29.637,29.826,HARD,17.0,2.0,1,True,True,2,2024,Saudi Arabian Grand Prix
38,BEA,25.0,93.924,34.546,29.619,29.759,HARD,18.0,2.0,1,True,True,2,2024,Saudi Arabian Grand Prix
38,BEA,26.0,93.788,34.447,29.616,29.725,HARD,19.0,2.0,1,True,True,2,2024,Saudi Arabian Grand Prix
38,BEA,27.0,93.808,34.562,29.549,29.697,HARD,20.0,2.0,1,False,True,2,2024,Saudi Arabian Grand Prix
38,BEA,28.0,93.639,34.428,29.472,29.739,HARD,21.0,2.0,1,True,True,2,2024,Saudi Arabian Grand Prix
38,BEA,29.0,93.379,34.35,29.366,29.663,HARD,22.0,2.0,1,True,True,2,2024,Saudi Arabian Grand Prix
38,BEA,30.0,93.771,34.425,29.502,29.844,HARD,23.0,2.0,1,False,True,2,2024,Saudi Arabian Grand Prix
38,BEA,31.0,93.446,34.401,29.339,29.706,HARD,24.0,2.0,1,False,True,2,2024,Saudi Arabian Grand Prix
38,BEA,32.0,93.086,34.056,29.388,29.642,HARD,25.0,2.0,1,True,True,2,2024,Saudi Arabian Grand Prix
38,BEA,33.0,93.551,34.36,29.499,29.692,HARD,26.0,2.0,1,False,True,2,2024,Saudi Arabian Grand Prix
38,BEA,34.0,93.256,34.378,29.319,29.559,HARD,27.0,2.0,1,False,True,2,2024,Saudi Arabian Grand Prix
38,BEA,35.0,93.266,34.206,29.525,29.535,HARD,28.0,2.0,1,False,True,2,2024,Saudi Arabian Grand Prix
38,BEA,36.0,93.053,34.127,29.387,29.539,HARD,29.0,2.0,1,True,True,2,2024,Saudi Arabian Grand Prix
38,BEA,37.0,93.052,34.129,29.377,29.546,HARD,30.0,2.0,1,True,True,2,2024,Saudi Arabian Grand Prix
38,BEA,38.0,92.708,34.037,29.216,29.455,HARD,31.0,2.0,1,True,True,2,2024,Saudi Arabian Grand Prix
38,BEA,39.0,92.756,33.924,29.286,29.546,HARD,32.0,2.0,1,False,True,2,2024,Saudi Arabian Grand Prix
38,BEA,40.0,92.607,33.945,29.292,29.37,HARD,33.0,2.0,1,True,True,2,2024,Saudi Arabian Grand Prix
38,BEA,41.0,92.691,34.036,29.221,29.434,HARD,34.0,2.0,1,False,True,2,2024,Saudi Arabian Grand Prix
38,BEA,42.0,92.656,33.968,29.224,29.464,HARD,35.0,2.0,1,False,True,2,2024,Saudi Arabian Grand Prix
38,BEA,43.0,92.672,34.038,29.226,29.408,HARD,36.0,2.0,1,False,True,2,2024,Saudi Arabian Grand Prix
38,BEA,44.0,92.322,33.793,29.117,29.412,HARD,37.0,2.0,1,True,True,2,2024,Saudi Arabian Grand Prix
38,BEA,45.0,92.613,33.973,29.263,29.377,HARD,38.0,2.0,1,False,True,2,2024,Saudi Arabian Grand Prix
38,BEA,46.0,92.749,34.091,29.206,29.452,HARD,39.0,2.0,1,False,True,2,2024,Saudi Arabian Grand Prix
38,BEA,47.0,92.583,33.921,29.125,29.537,HARD,40.0,2.0,1,False,True,2,2024,Saudi Arabian Grand Prix
38,BEA,48.0,92.262,33.863,29.067,29.332,HARD,41.0,2.0,1,True,True,2,2024,Saudi Arabian Grand Prix
38,BEA,49.0,92.484,33.939,29.04,29.505,HARD,42.0,2.0,1,False,True,2,2024,Saudi Arabian Grand Prix
38,BEA,50.0,92.186,33.854,29.085,29.247,HARD,43.0,2.0,1,True,True,2,2024,Saudi Arabian Grand Prix
4,NOR,2.0,95.246,35.355,29.959,29.932,MEDIUM,2.0,1.0,1,True,True,2,2024,Saudi Arabian Grand Prix
4,NOR,3.0,95.079,35.158,29.767,30.154,MEDIUM,3.0,1.0,1,True,True,2,2024,Saudi Arabian Grand Prix
4,NOR,4.0,94.897,35.054,29.889,29.954,MEDIUM,4.0,1.0,1,True,True,2,2024,Saudi Arabian Grand Prix
4,NOR,5.0,94.902,35.043,29.824,30.035,MEDIUM,5.0,1.0,1,False,True,2,2024,Saudi Arabian Grand Prix
4,NOR,6.0,95.014,35.133,29.856,30.025,MEDIUM,6.0,1.0,12,False,True,2,2024,Saudi Arabian Grand Prix
4,NOR,10.0,94.352,34.882,29.644,29.826,MEDIUM,10.0,1.0,1,True,True,2,2024,Saudi Arabian Grand Prix
4,NOR,11.0,93.674,34.198,29.625,29.851,MEDIUM,11.0,1.0,1,True,True,2,2024,Saudi Arabian Grand Prix
4,NOR,12.0,93.877,34.258,29.634,29.985,MEDIUM,12.0,1.0,1,False,True,2,2024,Saudi Arabian Grand Prix
4,NOR,13.0,95.131,35.575,29.624,29.932,MEDIUM,13.0,1.0,1,False,True,2,2024,Saudi Arabian Grand Prix
4,NOR,14.0,93.971,34.497,29.55,29.924,MEDIUM,14.0,1.0,1,False,True,2,2024,Saudi Arabian Grand Prix
4,NOR,15.0,93.944,34.389,29.587,29.968,MEDIUM,15.0,1.0,1,False,True,2,2024,Saudi Arabian Grand Prix
4,NOR,16.0,93.858,34.387,29.562,29.909,MEDIUM,16.0,1.0,1,False,True,2,2024,Saudi Arabian Grand Prix
4,NOR,17.0,94.497,34.635,29.782,30.08,MEDIUM,17.0,1.0,1,False,True,2,2024,Saudi Arabian Grand Prix
4,NOR,18.0,95.607,35.599,29.723,30.285,MEDIUM,18.0,1.0,1,False,True,2,2024,Saudi Arabian Grand Prix
4,NOR,19.0,94.194,34.537,29.596,30.061,MEDIUM,19.0,1.0,1,False,True,2,2024,Saudi Arabian Grand Prix
4,NOR,20.0,94.003,34.492,29.626,29.885,MEDIUM,20.0,1.0,1,False,True,2,2024,Saudi Arabian Grand Prix
4,NOR,21.0,93.941,34.384,29.621,29.936,MEDIUM,21.0,1.0,1,False,True,2,2024,Saudi Arabian Grand Prix
4,NOR,22.0,93.698,34.268,29.525,29.905,MEDIUM,22.0,1.0,1,False,True,2,2024,Saudi Arabian Grand Prix
4,NOR,23.0,93.824,34.331,29.528,29.965,MEDIUM,23.0,1.0,1,False,True,2,2024,Saudi Arabian Grand Prix
4,NOR,24.0,93.561,34.228,29.486,29.847,MEDIUM,24.0,1.0,1,True,True,2,2024,Saudi Arabian Grand Prix
4,NOR,25.0,93.572,34.207,29.461,29.904,MEDIUM,25.0,1.0,1,False,True,2,2024,Saudi Arabian Grand Prix
4,NOR,26.0,93.792,34.364,29.549,29.879,MEDIUM,26.0,1.0,1,False,True,2,2024,Saudi Arabian Grand Prix
4,NOR,27.0,94.718,35.204,29.598,29.916,MEDIUM,27.0,1.0,1,False,True,2,2024,Saudi Arabian Grand Prix
4,NOR,28.0,93.794,34.295,29.568,29.931,MEDIUM,28.0,1.0,1,False,True,2,2024,Saudi Arabian Grand Prix
4,NOR,29.0,93.631,34.288,29.531,29.812,MEDIUM,29.0,1.0,1,False,True,2,2024,Saudi Arabian Grand Prix
4,NOR,30.0,93.65,34.252,29.547,29.851,MEDIUM,30.0,1.0,1,False,True,2,2024,Saudi Arabian Grand Prix
4,NOR,31.0,93.562,34.267,29.436,29.859,MEDIUM,31.0,1.0,1,False,True,2,2024,Saudi Arabian Grand Prix
4,NOR,32.0,93.309,34.073,29.426,29.81,MEDIUM,32.0,1.0,1,True,True,2,2024,Saudi Arabian Grand Prix
4,NOR,33.0,93.514,34.174,29.433,29.907,MEDIUM,33.0,1.0,1,False,True,2,2024,Saudi Arabian Grand Prix
4,NOR,34.0,93.399,34.242,29.411,29.746,MEDIUM,34.0,1.0,1,False,True,2,2024,Saudi Arabian Grand Prix
4,NOR,35.0,93.571,34.212,29.504,29.855,MEDIUM,35.0,1.0,1,False,True,2,2024,Saudi Arabian Grand Prix
4,NOR,36.0,93.573,34.258,29.481,29.834,MEDIUM,36.0,1.0,1,False,True,2,2024,Saudi Arabian Grand Prix
4,NOR,39.0,92.106,33.72,29.019,29.367,SOFT,8.0,2.0,1,True,True,2,2024,Saudi Arabian Grand Prix
4,NOR,40.0,91.944,33.625,28.987,29.332,SOFT,9.0,2.0,1,True,True,2,2024,Saudi Arabian Grand Prix
4,NOR,41.0,92.095,33.575,29.014,29.506,SOFT,10.0,2.0,1,False,True,2,2024,Saudi Arabian Grand Prix
4,NOR,42.0,92.202,33.716,29.121,29.365,SOFT,11.0,2.0,1,False,True,2,2024,Saudi Arabian Grand Prix
4,NOR,43.0,92.399,33.785,29.124,29.49,SOFT,12.0,2.0,1,False,True,2,2024,Saudi Arabian Grand Prix
4,NOR,44.0,92.151,33.605,29.054,29.492,SOFT,13.0,2.0,1,False,True,2,2024,Saudi Arabian Grand Prix
4,NOR,45.0,92.205,33.639,29.138,29.428,SOFT,14.0,2.0,1,False,True,2,2024,Saudi Arabian Grand Prix
4,NOR,46.0,92.502,33.904,29.141,29.457,SOFT,15.0,2.0,1,False,True,2,2024,Saudi Arabian Grand Prix
4,NOR,47.0,92.153,33.589,29.131,29.433,SOFT,16.0,2.0,1,False,True,2,2024,Saudi Arabian Grand Prix
4,NOR,48.0,92.369,33.734,29.088,29.547,SOFT,17.0,2.0,1,False,True,2,2024,Saudi Arabian Grand Prix
4,NOR,49.0,92.388,33.667,29.131,29.59,SOFT,18.0,2.0,1,False,True,2,2024,Saudi Arabian Grand Prix
4,NOR,50.0,92.841,33.771,29.282,29.788,SOFT,19.0,2.0,1,False,True,2,2024,Saudi Arabian Grand Prix
44,HAM,2.0,95.541,36.082,29.801,29.658,MEDIUM,2.0,1.0,1,True,True,2,2024,Saudi Arabian Grand Prix
44,HAM,3.0,95.184,35.62,29.818,29.746,MEDIUM,3.0,1.0,1,True,True,2,2024,Saudi Arabian Grand Prix
44,HAM,4.0,95.672,35.622,29.971,30.079,MEDIUM,4.0,1.0,1,False,True,2,2024,Saudi Arabian Grand Prix
44,HAM,5.0,95.107,35.365,29.797,29.945,MEDIUM,5.0,1.0,1,True,True,2,2024,Saudi Arabian Grand Prix
44,HAM,6.0,95.077,35.389,29.73,29.958,MEDIUM,6.0,1.0,12,True,True,2,2024,Saudi Arabian Grand Prix
44,HAM,10.0,95.257,36.023,29.399,29.835,MEDIUM,10.0,1.0,1,False,True,2,2024,Saudi Arabian Grand Prix
44,HAM,11.0,94.334,35.119,29.502,29.713,MEDIUM,11.0,1.0,1,True,True,2,2024,Saudi Arabian Grand Prix
44,HAM,12.0,94.018,34.807,29.506,29.705,MEDIUM,12.0,1.0,1,True,True,2,2024,Saudi Arabian Grand Prix
44,HAM,13.0,95.312,36.142,29.596,29.574,MEDIUM,13.0,1.0,1,False,True,2,2024,Saudi Arabian Grand Prix
44,HAM,14.0,94.341,34.994,29.546,29.801,MEDIUM,14.0,1.0,1,False,True,2,2024,Saudi Arabian Grand Prix
44,HAM,15.0,95.355,36.045,29.69,29.62,MEDIUM,15.0,1.0,1,False,True,2,2024,Saudi Arabian Grand Prix
44,HAM,16.0,94.435,35.036,29.551,29.848,MEDIUM,16.0,1.0,1,False,True,2,2024,Saudi Arabian Grand Prix
44,HAM,17.0,94.811,35.564,29.468,29.779,MEDIUM,17.0,1.0,1,False,True,2,2024,Saudi Arabian Grand Prix
44,HAM,18.0,94.307,34.882,29.588,29.837,MEDIUM,18.0,1.0,1,False,True,2,2024,Saudi Arabian Grand Prix
44,HAM,19.0,94.524,35.163,29.567,29.794,MEDIUM,19.0,1.0,1,False,True,2,2024,Saudi Arabian Grand Prix
44,HAM,20.0,94.225,34.86,29.553,29.812,MEDIUM,20.0,1.0,1,False,True,2,2024,Saudi Arabian Grand Prix
44,HAM,21.0,94.016,34.763,29.48,29.773,MEDIUM,21.0,1.0,1,True,True,2,2024,Saudi Arabian Grand Prix
44,HAM,22.0,94.419,35.066,29.586,29.767,MEDIUM,22.0,1.0,1,False,True,2,2024,Saudi Arabian Grand Prix
44,HAM,23.0,94.041,34.829,29.483,29.729,MEDIUM,23.0,1.0,1,False,True,2,2024,Saudi Arabian Grand Prix
44,HAM,24.0,94.025,34.845,29.441,29.739,MEDIUM,24.0,1.0,1,False,True,2,2024,Saudi Arabian Grand Prix
44,HAM,25.0,93.532,34.498,29.364,29.67,MEDIUM,25.0,1.0,1,True,True,2,2024,Saudi Arabian Grand Prix
44,HAM,26.0,93.518,34.498,29.387,29.633,MEDIUM,26.0,1.0,1,True,True,2,2024,Saudi Arabian Grand Prix
44,HAM,27.0,93.918,34.772,29.393,29.753,MEDIUM,27.0,1.0,1,False,True,2,2024,Saudi Arabian Grand Prix
44,HAM,28.0,93.56,34.565,29.32,29.675,MEDIUM,28.0,1.0,1,False,True,2,2024,Saudi Arabian Grand Prix
44,HAM,29.0,93.567,34.579,29.359,29.629,MEDIUM,29.0,1.0,1,False,True,2,2024,Saudi Arabian Grand Prix
44,HAM,30.0,93.354,34.562,29.249,29.543,MEDIUM,30.0,1.0,1,True,True,2,2024,Saudi Arabian Grand Prix
44,HAM,31.0,93.384,34.454,29.342,29.588,MEDIUM,31.0,1.0,1,False,True,2,2024,Saudi Arabian Grand Prix
44,HAM,32.0,93.406,34.534,29.297,29.575,MEDIUM,32.0,1.0,1,False,True,2,2024,Saudi Arabian Grand Prix
44,HAM,33.0,93.36,34.51,29.199,29.651,MEDIUM,33.0,1.0,1,False,True,2,2024,Saudi Arabian Grand Prix
44,HAM,34.0,93.693,34.622,29.317,29.754,MEDIUM,34.0,1.0,1,False,True,2,2024,Saudi Arabian Grand Prix
44,HAM,35.0,93.742,34.844,29.297,29.601,MEDIUM,35.0,1.0,1,False,True,2,2024,Saudi Arabian Grand Prix
44,HAM,38.0,91.746,33.995,28.878,28.873,SOFT,5.0,2.0,1,True,True,2,2024,Saudi Arabian Grand Prix
44,HAM,39.0,92.315,34.456,28.846,29.013,SOFT,6.0,2.0,1,False,True,2,2024,Saudi Arabian Grand Prix
44,HAM,40.0,92.37,34.188,28.938,29.244,SOFT,7.0,2.0,1,False,True,2,2024,Saudi Arabian Grand Prix
44,HAM,41.0,92.201,34.196,28.857,29.148,SOFT,8.0,2.0,1,False,True,2,2024,Saudi Arabian Grand Prix
44,HAM,42.0,92.027,34.075,28.77,29.182,SOFT,9.0,2.0,1,False,True,2,2024,Saudi Arabian Grand Prix
44,HAM,43.0,92.041,34.125,28.81,29.106,SOFT,10.0,2.0,1,False,True,2,2024,Saudi Arabian Grand Prix
44,HAM,44.0,92.232,34.288,28.825,29.119,SOFT,11.0,2.0,1,False,True,2,2024,Saudi Arabian Grand Prix
44,HAM,45.0,91.943,34.153,28.802,28.988,SOFT,12.0,2.0,1,False,True,2,2024,Saudi Arabian Grand Prix
44,HAM,46.0,93.036,34.709,29.03,29.297,SOFT,13.0,2.0,1,False,True,2,2024,Saudi Arabian Grand Prix
44,HAM,47.0,92.106,34.081,28.818,29.207,SOFT,14.0,2.0,1,False,True,2,2024,Saudi Arabian Grand Prix
44,HAM,48.0,92.381,34.186,28.899,29.296,SOFT,15.0,2.0,1,False,True,2,2024,Saudi Arabian Grand Prix
44,HAM,49.0,92.615,34.257,28.931,29.427,SOFT,16.0,2.0,1,False,True,2,2024,Saudi Arabian Grand Prix
44,HAM,50.0,93.314,34.397,29.264,29.653,SOFT,17.0,2.0,1,False,True,2,2024,Saudi Arabian Grand Prix
63,RUS,2.0,95.146,35.762,29.646,29.738,MEDIUM,2.0,1.0,1,True,True,2,2024,Saudi Arabian Grand Prix
63,RUS,3.0,95.219,35.737,29.727,29.755,MEDIUM,3.0,1.0,1,False,True,2,2024,Saudi Arabian Grand Prix
63,RUS,4.0,95.033,35.522,29.747,29.764,MEDIUM,4.0,1.0,1,True,True,2,2024,Saudi Arabian Grand Prix
63,RUS,5.0,95.15,35.467,29.73,29.953,MEDIUM,5.0,1.0,1,False,True,2,2024,Saudi Arabian Grand Prix
63,RUS,6.0,95.06,35.505,29.744,29.811,MEDIUM,6.0,1.0,12,False,True,2,2024,Saudi Arabian Grand Prix
63,RUS,10.0,97.943,37.722,30.004,30.217,HARD,3.0,2.0,1,False,True,2,2024,Saudi Arabian Grand Prix
63,RUS,11.0,95.048,35.82,29.607,29.621,HARD,4.0,2.0,1,False,True,2,2024,Saudi Arabian Grand Prix
63,RUS,12.0,94.488,35.327,29.546,29.615,HARD,5.0,2.0,1,True,True,2,2024,Saudi Arabian Grand Prix
63,RUS,13.0,95.082,35.53,29.642,29.91,HARD,6.0,2.0,1,False,True,2,2024,Saudi Arabian Grand Prix
63,RUS,14.0,94.379,35.046,29.535,29.798,HARD,7.0,2.0,1,True,True,2,2024,Saudi Arabian Grand Prix
63,RUS,15.0,94.803,35.346,29.583,29.874,HARD,8.0,2.0,1,False,True,2,2024,Saudi Arabian Grand Prix
63,RUS,16.0,94.638,35.196,29.642,29.8,HARD,9.0,2.0,1,False,True,2,2024,Saudi Arabian Grand Prix
63,RUS,17.0,94.907,35.144,29.726,30.037,HARD,10.0,2.0,1,False,True,2,2024,Saudi Arabian Grand Prix
63,RUS,18.0,94.559,35.218,29.495,29.846,HARD,11.0,2.0,1,False,True,2,2024,Saudi Arabian Grand Prix
63,RUS,19.0,94.395,35.139,29.488,29.768,HARD,12.0,2.0,1,False,True,2,2024,Saudi Arabian Grand Prix
63,RUS,20.0,94.457,35.093,29.493,29.871,HARD,13.0,2.0,1,False,True,2,2024,Saudi Arabian Grand Prix
63,RUS,21.0,94.144,34.966,29.383,29.795,HARD,14.0,2.0,1,True,True,2,2024,Saudi Arabian Grand Prix
63,RUS,22.0,94.264,34.97,29.49,29.804,HARD,15.0,2.0,1,False,True,2,2024,Saudi Arabian Grand Prix
63,RUS,23.0,94.099,34.763,29.481,29.855,HARD,16.0,2.0,1,True,True,2,2024,Saudi Arabian Grand Prix
63,RUS,24.0,94.256,35.064,29.354,29.838,HARD,17.0,2.0,1,False,True,2,2024,Saudi Arabian Grand Prix
63,RUS,25.0,94.077,35.002,29.345,29.73,HARD,18.0,2.0,1,True,True,2,2024,Saudi Arabian Grand Prix
63,RUS,26.0,93.737,34.921,29.222,29.594,HARD,19.0,2.0,1,True,True,2,2024,Saudi Arabian Grand Prix
63,RUS,27.0,93.571,34.788,29.2,29.583,HARD,20.0,2.0,1,True,True,2,2024,Saudi Arabian Grand Prix
63,RUS,28.0,93.775,34.708,29.23,29.837,HARD,21.0,2.0,1,False,True,2,2024,Saudi Arabian Grand Prix
63,RUS,29.0,93.643,34.73,29.277,29.636,HARD,22.0,2.0,1,False,True,2,2024,Saudi Arabian Grand Prix
63,RUS,30.0,93.631,34.659,29.328,29.644,HARD,23.0,2.0,1,False,True,2,2024,Saudi Arabian Grand Prix
63,RUS,31.0,93.565,34.639,29.243,29.683,HARD,24.0,2.0,1,True,True,2,2024,Saudi Arabian Grand Prix
63,RUS,32.0,93.39,34.602,29.208,29.58,HARD,25.0,2.0,1,True,True,2,2024,Saudi Arabian Grand Prix
63,RUS,33.0,93.32,34.61,29.169,29.541,HARD,26.0,2.0,1,True,True,2,2024,Saudi Arabian Grand Prix
63,RUS,34.0,93.309,34.543,29.198,29.568,HARD,27.0,2.0,1,True,True,2,2024,Saudi Arabian Grand Prix
63,RUS,35.0,93.081,34.496,29.091,29.494,HARD,28.0,2.0,1,True,True,2,2024,Saudi Arabian Grand Prix
63,RUS,36.0,93.125,34.449,29.136,29.54,HARD,29.0,2.0,1,False,True,2,2024,Saudi Arabian Grand Prix
63,RUS,37.0,93.258,34.474,29.178,29.606,HARD,30.0,2.0,1,False,True,2,2024,Saudi Arabian Grand Prix
63,RUS,38.0,93.018,34.454,29.036,29.528,HARD,31.0,2.0,1,True,True,2,2024,Saudi Arabian Grand Prix
63,RUS,39.0,92.607,34.309,28.941,29.357,HARD,32.0,2.0,1,True,True,2,2024,Saudi Arabian Grand Prix
63,RUS,40.0,92.487,34.21,28.95,29.327,HARD,33.0,2.0,1,True,True,2,2024,Saudi Arabian Grand Prix
63,RUS,41.0,92.458,34.172,28.924,29.362,HARD,34.0,2.0,1,True,True,2,2024,Saudi Arabian Grand Prix
63,RUS,42.0,92.254,34.061,28.821,29.372,HARD,35.0,2.0,1,True,True,2,2024,Saudi Arabian Grand Prix
63,RUS,43.0,92.499,34.162,28.933,29.404,HARD,36.0,2.0,1,False,True,2,2024,Saudi Arabian Grand Prix
63,RUS,44.0,92.571,34.256,28.946,29.369,HARD,37.0,2.0,1,False,True,2,2024,Saudi Arabian Grand Prix
63,RUS,45.0,92.573,34.325,28.874,29.374,HARD,38.0,2.0,1,False,True,2,2024,Saudi Arabian Grand Prix
63,RUS,46.0,92.64,34.342,28.939,29.359,HARD,39.0,2.0,1,False,True,2,2024,Saudi Arabian Grand Prix
63,RUS,47.0,92.494,34.327,28.862,29.305,HARD,40.0,2.0,1,False,True,2,2024,Saudi Arabian Grand Prix
63,RUS,48.0,92.88,34.605,28.934,29.341,HARD,41.0,2.0,1,False,True,2,2024,Saudi Arabian Grand Prix
63,RUS,49.0,92.68,34.431,28.907,29.342,HARD,42.0,2.0,1,False,True,2,2024,Saudi Arabian Grand Prix
63,RUS,50.0,95.145,34.509,30.163,30.473,HARD,43.0,2.0,1,False,True,2,2024,Saudi Arabian Grand Prix
77,BOT,2.0,98.474,37.493,30.68,30.301,SOFT,2.0,1.0,1,True,True,2,2024,Saudi Arabian Grand Prix
77,BOT,3.0,96.966,36.222,30.52,30.224,SOFT,3.0,1.0,1,True,True,2,2024,Saudi Arabian Grand Prix
77,BOT,4.0,96.417,35.91,30.33,30.177,SOFT,4.0,1.0,1,True,True,2,2024,Saudi Arabian Grand Prix
77,BOT,5.0,96.244,35.837,30.36,30.047,SOFT,5.0,1.0,1,True,True,2,2024,Saudi Arabian Grand Prix
77,BOT,6.0,96.225,35.387,30.125,30.713,SOFT,6.0,1.0,12,True,True,2,2024,Saudi Arabian Grand Prix
77,BOT,10.0,100.082,38.709,30.926,30.447,HARD,3.0,2.0,1,False,True,2,2024,Saudi Arabian Grand Prix
77,BOT,11.0,96.456,36.431,30.173,29.852,HARD,4.0,2.0,1,False,True,2,2024,Saudi Arabian Grand Prix
77,BOT,12.0,95.827,35.578,30.285,29.964,HARD,5.0,2.0,1,True,True,2,2024,Saudi Arabian Grand Prix
77,BOT,13.0,95.447,35.489,29.924,30.034,HARD,6.0,2.0,1,True,True,2,2024,Saudi Arabian Grand Prix
77,BOT,14.0,95.424,35.414,30.05,29.96,HARD,7.0,2.0,1,True,True,2,2024,Saudi Arabian Grand Prix
77,BOT,15.0,95.721,35.38,30.202,30.139,HARD,8.0,2.0,1,False,True,2,2024,Saudi Arabian Grand Prix
77,BOT,16.0,96.825,35.638,30.419,30.768,HARD,9.0,2.0,1,False,True,2,2024,Saudi Arabian Grand Prix
77,BOT,17.0,97.238,36.446,30.612,30.18,HARD,10.0,2.0,1,False,True,2,2024,Saudi Arabian Grand Prix
77,BOT,18.0,96.058,35.531,30.108,30.419,HARD,11.0,2.0,1,False,True,2,2024,Saudi Arabian Grand Prix
77,BOT,19.0,95.828,35.387,30.276,30.165,HARD,12.0,2.0,1,False,True,2,2024,Saudi Arabian Grand Prix
77,BOT,20.0,96.253,35.663,30.15,30.44,HARD,13.0,2.0,1,False,True,2,2024,Saudi Arabian Grand Prix
77,BOT,21.0,96.801,36.614,30.048,30.139,HARD,14.0,2.0,1,False,True,2,2024,Saudi Arabian Grand Prix
77,BOT,22.0,96.425,36.244,29.991,30.19,HARD,15.0,2.0,1,False,True,2,2024,Saudi Arabian Grand Prix
77,BOT,23.0,96.251,35.641,30.17,30.44,HARD,16.0,2.0,1,False,True,2,2024,Saudi Arabian Grand Prix
77,BOT,24.0,96.902,36.506,30.247,30.149,HARD,17.0,2.0,1,False,True,2,2024,Saudi Arabian Grand Prix
77,BOT,25.0,95.619,35.557,30.038,30.024,HARD,18.0,2.0,1,False,True,2,2024,Saudi Arabian Grand Prix
77,BOT,26.0,95.319,35.298,30.032,29.989,HARD,19.0,2.0,1,True,True,2,2024,Saudi Arabian Grand Prix
77,BOT,27.0,95.254,35.279,30.019,29.956,HARD,20.0,2.0,1,True,True,2,2024,Saudi Arabian Grand Prix
77,BOT,28.0,95.324,35.381,30.039,29.904,HARD,21.0,2.0,1,False,True,2,2024,Saudi Arabian Grand Prix
77,BOT,29.0,94.857,35.074,29.984,29.799,HARD,22.0,2.0,1,True,True,2,2024,Saudi Arabian Grand Prix
77,BOT,30.0,95.313,35.378,30.009,29.926,HARD,23.0,2.0,1,False,True,2,2024,Saudi Arabian Grand Prix
77,BOT,31.0,95.415,35.237,30.039,30.139,HARD,24.0,2.0,1,False,True,2,2024,Saudi Arabian Grand Prix
77,BOT,32.0,95.173,35.252,30.116,29.805,HARD,25.0,2.0,1,False,True,2,2024,Saudi Arabian Grand Prix
77,BOT,33.0,95.792,35.706,30.259,29.827,HARD,26.0,2.0,1,False,True,2,2024,Saudi Arabian Grand Prix
77,BOT,34.0,95.721,35.876,30.007,29.838,HARD,27.0,2.0,1,False,True,2,2024,Saudi Arabian Grand Prix
77,BOT,37.0,93.08,34.261,29.338,29.481,SOFT,2.0,3.0,1,True,True,2,2024,Saudi Arabian Grand Prix
77,BOT,38.0,92.927,34.133,29.305,29.489,SOFT,3.0,3.0,1,True,True,2,2024,Saudi Arabian Grand Prix
77,BOT,39.0,93.028,34.203,29.28,29.545,SOFT,4.0,3.0,1,False,True,2,2024,Saudi Arabian Grand Prix
77,BOT,40.0,93.175,34.335,29.317,29.523,SOFT,5.0,3.0,1,False,True,2,2024,Saudi Arabian Grand Prix
77,BOT,41.0,93.194,34.358,29.274,29.562,SOFT,6.0,3.0,1,False,True,2,2024,Saudi Arabian Grand Prix
77,BOT,42.0,92.996,34.237,29.246,29.513,SOFT,7.0,3.0,1,False,True,2,2024,Saudi Arabian Grand Prix
77,BOT,43.0,93.068,34.16,29.321,29.587,SOFT,8.0,3.0,1,False,True,2,2024,Saudi Arabian Grand Prix
77,BOT,44.0,95.201,34.198,31.305,29.698,SOFT,9.0,3.0,1,False,True,2,2024,Saudi Arabian Grand Prix
77,BOT,45.0,92.903,34.239,29.184,29.48,SOFT,10.0,3.0,1,True,True,2,2024,Saudi Arabian Grand Prix
77,BOT,46.0,92.948,34.251,29.24,29.457,SOFT,11.0,3.0,1,False,True,2,2024,Saudi Arabian Grand Prix
77,BOT,47.0,92.852,34.198,29.17,29.484,SOFT,12.0,3.0,1,True,True,2,2024,Saudi Arabian Grand Prix
77,BOT,48.0,92.947,34.108,29.208,29.631,SOFT,13.0,3.0,1,False,True,2,2024,Saudi Arabian Grand Prix
77,BOT,49.0,92.706,34.026,29.241,29.439,SOFT,14.0,3.0,1,True,True,2,2024,Saudi Arabian Grand Prix
81,PIA,2.0,95.082,34.965,29.949,30.168,MEDIUM,2.0,1.0,1,True,True,2,2024,Saudi Arabian Grand Prix
81,PIA,3.0,94.379,34.586,29.726,30.067,MEDIUM,3.0,1.0,1,True,True,2,2024,Saudi Arabian Grand Prix
81,PIA,4.0,94.589,34.81,29.76,30.019,MEDIUM,4.0,1.0,1,False,True,2,2024,Saudi Arabian Grand Prix
81,PIA,5.0,94.557,34.773,29.755,30.029,MEDIUM,5.0,1.0,1,False,True,2,2024,Saudi Arabian Grand Prix
81,PIA,6.0,94.409,34.705,29.757,29.947,MEDIUM,6.0,1.0,1,False,True,2,2024,Saudi Arabian Grand Prix
81,PIA,10.0,96.768,36.736,29.821,30.211,HARD,4.0,2.0,1,False,True,2,2024,Saudi Arabian Grand Prix
81,PIA,11.0,94.448,35.264,29.527,29.657,HARD,5.0,2.0,1,False,True,2,2024,Saudi Arabian Grand Prix
81,PIA,12.0,93.946,34.817,29.496,29.633,HARD,6.0,2.0,1,True,True,2,2024,Saudi Arabian Grand Prix
81,PIA,13.0,94.34,35.103,29.5,29.737,HARD,7.0,2.0,1,False,True,2,2024,Saudi Arabian Grand Prix
81,PIA,14.0,94.431,34.969,29.601,29.861,HARD,8.0,2.0,1,False,True,2,2024,Saudi Arabian Grand Prix
81,PIA,15.0,94.309,35.174,29.636,29.499,HARD,9.0,2.0,1,False,True,2,2024,Saudi Arabian Grand Prix
81,PIA,16.0,94.379,35.147,29.516,29.716,HARD,10.0,2.0,1,False,True,2,2024,Saudi Arabian Grand Prix
81,PIA,17.0,95.057,35.865,29.514,29.678,HARD,11.0,2.0,1,False,True,2,2024,Saudi Arabian Grand Prix
81,PIA,18.0,94.075,34.898,29.575,29.602,HARD,12.0,2.0,1,False,True,2,2024,Saudi Arabian Grand Prix
81,PIA,19.0,94.631,35.267,29.534,29.83,HARD,13.0,2.0,1,False,True,2,2024,Saudi Arabian Grand Prix
81,PIA,20.0,94.324,34.99,29.683,29.651,HARD,14.0,2.0,1,False,True,2,2024,Saudi Arabian Grand Prix
81,PIA,21.0,93.793,34.684,29.515,29.594,HARD,15.0,2.0,1,True,True,2,2024,Saudi Arabian Grand Prix
81,PIA,22.0,94.76,35.259,29.729,29.772,HARD,16.0,2.0,1,False,True,2,2024,Saudi Arabian Grand Prix
81,PIA,23.0,93.715,34.722,29.323,29.67,HARD,17.0,2.0,1,True,True,2,2024,Saudi Arabian Grand Prix
81,PIA,24.0,94.097,35.019,29.504,29.574,HARD,18.0,2.0,1,False,True,2,2024,Saudi Arabian Grand Prix
81,PIA,25.0,93.694,34.773,29.394,29.527,HARD,19.0,2.0,1,True,True,2,2024,Saudi Arabian Grand Prix
81,PIA,26.0,93.312,34.612,29.304,29.396,HARD,20.0,2.0,1,True,True,2,2024,Saudi Arabian Grand Prix
81,PIA,27.0,93.998,34.846,29.428,29.724,HARD,21.0,2.0,1,False,True,2,2024,Saudi Arabian Grand Prix
81,PIA,28.0,93.527,34.617,29.324,29.586,HARD,22.0,2.0,1,False,True,2,2024,Saudi Arabian Grand Prix
81,PIA,29.0,93.821,34.792,29.473,29.556,HARD,23.0,2.0,1,False,True,2,2024,Saudi Arabian Grand Prix
81,PIA,30.0,93.376,34.651,29.218,29.507,HARD,24.0,2.0,1,False,True,2,2024,Saudi Arabian Grand Prix
81,PIA,31.0,93.352,34.555,29.213,29.584,HARD,25.0,2.0,1,False,True,2,2024,Saudi Arabian Grand Prix
81,PIA,32.0,93.261,34.729,29.156,29.376,HARD,26.0,2.0,1,True,True,2,2024,Saudi Arabian Grand Prix
81,PIA,33.0,93.29,34.649,29.198,29.443,HARD,27.0,2.0,1,False,True,2,2024,Saudi Arabian Grand Prix
81,PIA,34.0,93.405,34.725,29.221,29.459,HARD,28.0,2.0,1,False,True,2,2024,Saudi Arabian Grand Prix
81,PIA,35.0,94.118,35.331,29.465,29.322,HARD,29.0,2.0,1,False,True,2,2024,Saudi Arabian Grand Prix
81,PIA,36.0,93.029,34.596,29.161,29.272,HARD,30.0,2.0,1,True,True,2,2024,Saudi Arabian Grand Prix
81,PIA,37.0,92.934,33.99,29.224,29.72,HARD,31.0,2.0,1,True,True,2,2024,Saudi Arabian Grand Prix
81,PIA,38.0,93.087,34.21,29.17,29.707,HARD,32.0,2.0,1,False,True,2,2024,Saudi Arabian Grand Prix
81,PIA,39.0,92.675,34.0,29.096,29.579,HARD,33.0,2.0,1,True,True,2,2024,Saudi Arabian Grand Prix
81,PIA,40.0,92.603,33.984,29.149,29.47,HARD,34.0,2.0,1,True,True,2,2024,Saudi Arabian Grand Prix
81,PIA,41.0,92.545,34.014,29.008,29.523,HARD,35.0,2.0,1,True,True,2,2024,Saudi Arabian Grand Prix
81,PIA,42.0,92.453,33.936,29.031,29.486,HARD,36.0,2.0,1,True,True,2,2024,Saudi Arabian Grand Prix
81,PIA,43.0,92.521,33.951,29.02,29.55,HARD,37.0,2.0,1,False,True,2,2024,Saudi Arabian Grand Prix
81,PIA,44.0,92.539,33.957,29.124,29.458,HARD,38.0,2.0,1,False,True,2,2024,Saudi Arabian Grand Prix
81,PIA,45.0,92.31,33.816,28.959,29.535,HARD,39.0,2.0,1,True,True,2,2024,Saudi Arabian Grand Prix
81,PIA,46.0,92.557,34.112,29.071,29.374,HARD,40.0,2.0,1,False,True,2,2024,Saudi Arabian Grand Prix
81,PIA,47.0,92.574,34.006,29.145,29.423,HARD,41.0,2.0,1,False,True,2,2024,Saudi Arabian Grand Prix
81,PIA,48.0,92.657,34.01,29.151,29.496,HARD,42.0,2.0,1,False,True,2,2024,Saudi Arabian Grand Prix
81,PIA,49.0,92.588,34.052,29.094,29.442,HARD,43.0,2.0,1,False,True,2,2024,Saudi Arabian Grand Prix
81,PIA,50.0,92.769,33.983,29.094,29.692,HARD,44.0,2.0,1,False,True,2,2024,Saudi Arabian Grand Prix
1,VER,2.0,84.099,29.623,18.375,36.101,MEDIUM,2.0,1.0,1,True,True,3,2024,Australian Grand Prix
1,VER,3.0,83.115,28.793,18.573,35.749,MEDIUM,3.0,1.0,1,True,True,3,2024,Australian Grand Prix
10,GAS,2.0,84.649,29.905,18.241,36.503,MEDIUM,2.0,1.0,1,True,True,3,2024,Australian Grand Prix
10,GAS,3.0,83.851,29.379,18.148,36.324,MEDIUM,3.0,1.0,1,True,True,3,2024,Australian Grand Prix
10,GAS,4.0,83.7,29.05,18.116,36.534,MEDIUM,4.0,1.0,1,True,True,3,2024,Australian Grand Prix
10,GAS,5.0,84.526,29.693,17.983,36.85,MEDIUM,5.0,1.0,1,False,True,3,2024,Australian Grand Prix
10,GAS,6.0,83.912,29.368,18.107,36.437,MEDIUM,6.0,1.0,1,False,True,3,2024,Australian Grand Prix
10,GAS,7.0,83.445,29.068,18.122,36.255,MEDIUM,7.0,1.0,1,True,True,3,2024,Australian Grand Prix
10,GAS,8.0,83.879,29.38,18.109,36.39,MEDIUM,8.0,1.0,1,False,True,3,2024,Australian Grand Prix
10,GAS,9.0,83.829,29.349,18.235,36.245,MEDIUM,9.0,1.0,1,False,True,3,2024,Australian Grand Prix
10,GAS,10.0,83.856,29.318,18.15,36.388,MEDIUM,10.0,1.0,1,False,True,3,2024,Australian Grand Prix
10,GAS,11.0,85.397,29.402,18.252,37.743,MEDIUM,11.0,1.0,1,False,True,3,2024,Australian Grand Prix
10,GAS,12.0,84.625,29.816,18.154,36.655,MEDIUM,12.0,1.0,1,False,True,3,2024,Australian Grand Prix
10,GAS,13.0,84.049,29.379,18.093,36.577,MEDIUM,13.0,1.0,1,False,True,3,2024,Australian Grand Prix
10,GAS,14.0,84.104,29.43,18.09,36.584,MEDIUM,14.0,1.0,1,False,True,3,2024,Australian Grand Prix
10,GAS,15.0,84.1,29.378,18.207,36.515,MEDIUM,15.0,1.0,1,False,True,3,2024,Australian Grand Prix
10,GAS,16.0,85.367,29.942,18.256,37.169,MEDIUM,16.0,1.0,1,False,True,3,2024,Australian Grand Prix
10,GAS,19.0,83.922,29.141,18.401,36.38,HARD,2.0,2.0,1,False,True,3,2024,Australian Grand Prix
10,GAS,20.0,83.662,29.06,18.369,36.233,HARD,3.0,2.0,1,False,True,3,2024,Australian Grand Prix
10,GAS,21.0,83.241,28.904,18.274,36.063,HARD,4.0,2.0,1,True,True,3,2024,Australian Grand Prix
10,GAS,22.0,83.045,28.793,18.236,36.016,HARD,5.0,2.0,1,True,True,3,2024,Australian Grand Prix
10,GAS,23.0,82.929,28.898,18.198,35.833,HARD,6.0,2.0,1,True,True,3,2024,Australian Grand Prix
10,GAS,24.0,83.001,28.729,18.222,36.05,HARD,7.0,2.0,1,False,True,3,2024,Australian Grand Prix
10,GAS,25.0,82.933,28.803,18.241,35.889,HARD,8.0,2.0,1,False,True,3,2024,Australian Grand Prix
10,GAS,26.0,83.015,28.851,18.346,35.818,HARD,9.0,2.0,1,False,True,3,2024,Australian Grand Prix
10,GAS,27.0,82.904,28.749,18.186,35.969,HARD,10.0,2.0,1,True,True,3,2024,Australian Grand Prix
10,GAS,28.0,82.674,28.974,17.953,35.747,HARD,11.0,2.0,1,True,True,3,2024,Australian Grand Prix
10,GAS,29.0,82.708,28.988,17.968,35.752,HARD,12.0,2.0,1,False,True,3,2024,Australian Grand Prix
10,GAS,30.0,82.99,28.857,17.993,36.14,HARD,13.0,2.0,1,False,True,3,2024,Australian Grand Prix
10,GAS,31.0,82.727,28.855,17.99,35.882,HARD,14.0,2.0,1,False,True,3,2024,Australian Grand Prix
10,GAS,32.0,83.245,28.996,18.019,36.23,HARD,15.0,2.0,1,False,True,3,2024,Australian Grand Prix
10,GAS,33.0,83.215,28.788,17.98,36.447,HARD,16.0,2.0,1,False,True,3,2024,Australian Grand Prix
10,GAS,34.0,83.036,28.986,18.083,35.967,HARD,17.0,2.0,1,False,True,3,2024,Australian Grand Prix
10,GAS,35.0,83.225,28.898,17.957,36.37,HARD,18.0,2.0,1,False,True,3,2024,Australian Grand Prix
10,GAS,36.0,82.84,28.631,18.346,35.863,HARD,19.0,2.0,1,False,True,3,2024,Australian Grand Prix
10,GAS,37.0,83.326,28.965,18.388,35.973,HARD,20.0,2.0,1,False,True,3,2024,Australian Grand Prix
10,GAS,38.0,85.109,30.199,18.344,36.566,HARD,21.0,2.0,1,False,True,3,2024,Australian Grand Prix
10,GAS,39.0,83.016,28.723,18.282,36.011,HARD,22.0,2.0,1,False,True,3,2024,Australian Grand Prix
10,GAS,40.0,85.02,28.917,18.214,37.889,HARD,23.0,2.0,1,False,True,3,2024,Australian Grand Prix
10,GAS,43.0,84.419,28.467,19.217,36.735,HARD,2.0,3.0,1,False,True,3,2024,Australian Grand Prix
10,GAS,44.0,81.447,28.348,18.045,35.054,HARD,3.0,3.0,1,True,True,3,2024,Australian Grand Prix
10,GAS,45.0,82.079,29.395,17.816,34.868,HARD,4.0,3.0,1,False,True,3,2024,Australian Grand Prix
10,GAS,46.0,81.22,28.209,18.001,35.01,HARD,5.0,3.0,1,True,True,3,2024,Australian Grand Prix
10,GAS,47.0,81.275,28.128,17.982,35.165,HARD,6.0,3.0,1,False,True,3,2024,Australian Grand Prix
10,GAS,48.0,81.211,28.32,17.977,34.914,HARD,7.0,3.0,1,True,True,3,2024,Australian Grand Prix
10,GAS,49.0,81.34,28.468,17.975,34.897,HARD,8.0,3.0,1,False,True,3,2024,Australian Grand Prix
10,GAS,50.0,81.222,28.249,18.088,34.885,HARD,9.0,3.0,1,False,True,3,2024,Australian Grand Prix
10,GAS,51.0,81.09,28.224,18.052,34.814,HARD,10.0,3.0,1,True,True,3,2024,Australian Grand Prix
10,GAS,52.0,81.161,28.228,18.036,34.897,HARD,11.0,3.0,1,False,True,3,2024,Australian Grand Prix
10,GAS,53.0,81.324,28.293,18.046,34.985,HARD,12.0,3.0,1,False,True,3,2024,Australian Grand Prix
10,GAS,54.0,83.034,29.613,18.361,35.06,HARD,13.0,3.0,1,False,True,3,2024,Australian Grand Prix
10,GAS,55.0,81.427,28.115,18.119,35.193,HARD,14.0,3.0,1,False,True,3,2024,Australian Grand Prix
11,PER,2.0,83.381,29.37,17.903,36.108,MEDIUM,2.0,1.0,1,True,True,3,2024,Australian Grand Prix
11,PER,3.0,83.165,29.005,17.939,36.221,MEDIUM,3.0,1.0,1,True,True,3,2024,Australian Grand Prix
11,PER,4.0,83.398,28.848,18.02,36.53,MEDIUM,4.0,1.0,1,False,True,3,2024,Australian Grand Prix
11,PER,5.0,83.364,28.964,17.747,36.653,MEDIUM,5.0,1.0,1,False,True,3,2024,Australian Grand Prix
11,PER,6.0,83.024,28.808,17.868,36.348,MEDIUM,6.0,1.0,1,True,True,3,2024,Australian Grand Prix
11,PER,7.0,82.804,28.962,17.896,35.946,MEDIUM,7.0,1.0,1,True,True,3,2024,Australian Grand Prix
11,PER,8.0,83.048,28.744,17.746,36.558,MEDIUM,8.0,1.0,1,False,True,3,2024,Australian Grand Prix
11,PER,9.0,82.97,28.758,18.147,36.065,MEDIUM,9.0,1.0,1,False,True,3,2024,Australian Grand Prix
11,PER,10.0,82.68,28.928,18.188,35.564,MEDIUM,10.0,1.0,1,True,True,3,2024,Australian Grand Prix
11,PER,11.0,82.921,29.025,18.117,35.779,MEDIUM,11.0,1.0,1,False,True,3,2024,Australian Grand Prix
11,PER,12.0,83.704,29.511,18.198,35.995,MEDIUM,12.0,1.0,1,False,True,3,2024,Australian Grand Prix
11,PER,13.0,83.664,29.259,18.263,36.142,MEDIUM,13.0,1.0,1,False,True,3,2024,Australian Grand Prix
11,PER,16.0,84.122,28.669,17.803,37.65,HARD,2.0,2.0,1,False,True,3,2024,Australian Grand Prix
11,PER,19.0,81.84,28.441,17.929,35.47,HARD,5.0,2.0,1,True,True,3,2024,Australian Grand Prix
11,PER,20.0,81.711,28.353,17.751,35.607,HARD,6.0,2.0,1,True,True,3,2024,Australian Grand Prix
11,PER,21.0,82.051,28.506,17.651,35.894,HARD,7.0,2.0,1,False,True,3,2024,Australian Grand Prix
11,PER,22.0,81.869,28.59,17.918,35.361,HARD,8.0,2.0,1,False,True,3,2024,Australian Grand Prix
11,PER,23.0,81.849,28.617,18.014,35.218,HARD,9.0,2.0,1,False,True,3,2024,Australian Grand Prix
11,PER,24.0,81.527,28.583,17.881,35.063,HARD,10.0,2.0,1,True,True,3,2024,Australian Grand Prix
11,PER,25.0,81.495,28.513,17.809,35.173,HARD,11.0,2.0,1,True,True,3,2024,Australian Grand Prix
11,PER,26.0,82.246,28.587,17.932,35.727,HARD,12.0,2.0,1,False,True,3,2024,Australian Grand Prix
11,PER,27.0,81.557,28.521,17.6,35.436,HARD,13.0,2.0,1,False,True,3,2024,Australian Grand Prix
11,PER,28.0,82.152,28.742,18.141,35.269,HARD,14.0,2.0,1,False,True,3,2024,Australian Grand Prix
11,PER,29.0,82.126,28.645,18.042,35.439,HARD,15.0,2.0,1,False,True,3,2024,Australian Grand Prix
11,PER,30.0,82.18,28.599,17.955,35.626,HARD,16.0,2.0,1,False,True,3,2024,Australian Grand Prix
11,PER,31.0,82.359,28.718,18.013,35.628,HARD,17.0,2.0,1,False,True,3,2024,Australian Grand Prix
11,PER,32.0,82.441,28.807,18.016,35.618,HARD,18.0,2.0,1,False,True,3,2024,Australian Grand Prix
11,PER,33.0,82.566,28.869,18.127,35.57,HARD,19.0,2.0,1,False,True,3,2024,Australian Grand Prix
11,PER,34.0,82.962,28.911,18.114,35.937,HARD,20.0,2.0,1,False,True,3,2024,Australian Grand Prix
11,PER,37.0,81.218,28.323,17.862,35.033,HARD,2.0,3.0,1,True,True,3,2024,Australian Grand Prix
11,PER,38.0,81.245,28.319,18.045,34.881,HARD,3.0,3.0,1,False,True,3,2024,Australian Grand Prix
11,PER,39.0,81.448,28.423,17.834,35.191,HARD,4.0,3.0,1,False,True,3,2024,Australian Grand Prix
11,PER,40.0,81.045,28.4,17.836,34.809,HARD,5.0,3.0,1,True,True,3,2024,Australian Grand Prix
11,PER,41.0,80.998,28.268,17.817,34.913,HARD,6.0,3.0,1,True,True,3,2024,Australian Grand Prix
11,PER,42.0,81.35,28.442,17.795,35.113,HARD,7.0,3.0,1,False,True,3,2024,Australian Grand Prix
11,PER,43.0,80.798,28.267,17.739,34.792,HARD,8.0,3.0,1,True,True,3,2024,Australian Grand Prix
11,PER,44.0,80.706,28.222,17.702,34.782,HARD,9.0,3.0,1,True,True,3,2024,Australian Grand Prix
11,PER,45.0,80.769,28.262,17.736,34.771,HARD,10.0,3.0,1,False,True,3,2024,Australian Grand Prix
11,PER,46.0,80.428,28.204,17.718,34.506,HARD,11.0,3.0,1,True,True,3,2024,Australian Grand Prix
11,PER,47.0,80.388,28.091,17.734,34.563,HARD,12.0,3.0,1,True,True,3,2024,Australian Grand Prix
11,PER,48.0,80.836,28.191,17.724,34.921,HARD,13.0,3.0,1,False,True,3,2024,Australian Grand Prix
11,PER,49.0,80.76,28.14,17.803,34.817,HARD,14.0,3.0,1,False,True,3,2024,Australian Grand Prix
11,PER,50.0,80.871,28.244,17.792,34.835,HARD,15.0,3.0,1,False,True,3,2024,Australian Grand Prix
11,PER,51.0,81.038,28.284,17.866,34.888,HARD,16.0,3.0,1,False,True,3,2024,Australian Grand Prix
11,PER,52.0,81.15,28.38,17.743,35.027,HARD,17.0,3.0,1,False,True,3,2024,Australian Grand Prix
11,PER,53.0,81.544,28.466,17.814,35.264,HARD,18.0,3.0,1,False,True,3,2024,Australian Grand Prix
11,PER,54.0,81.63,28.537,17.969,35.124,HARD,19.0,3.0,1,False,True,3,2024,Australian Grand Prix
11,PER,55.0,81.616,28.522,17.986,35.108,HARD,20.0,3.0,1,False,True,3,2024,Australian Grand Prix
11,PER,56.0,81.849,28.564,17.943,35.342,HARD,21.0,3.0,1,False,True,3,2024,Australian Grand Prix
14,ALO,2.0,84.284,29.59,18.419,36.275,HARD,3.0,1.0,1,True,True,3,2024,Australian Grand Prix
14,ALO,3.0,82.978,28.865,18.223,35.89,HARD,4.0,1.0,1,True,True,3,2024,Australian Grand Prix
14,ALO,4.0,83.742,29.019,18.082,36.641,HARD,5.0,1.0,1,False,True,3,2024,Australian Grand Prix
14,ALO,5.0,83.294,28.967,18.355,35.972,HARD,6.0,1.0,1,False,True,3,2024,Australian Grand Prix
14,ALO,6.0,83.196,29.13,18.13,35.936,HARD,7.0,1.0,1,False,True,3,2024,Australian Grand Prix
14,ALO,7.0,82.795,28.901,18.077,35.817,HARD,8.0,1.0,1,True,True,3,2024,Australian Grand Prix
14,ALO,8.0,82.769,28.605,18.317,35.847,HARD,9.0,1.0,1,True,True,3,2024,Australian Grand Prix
14,ALO,9.0,83.345,29.058,18.168,36.119,HARD,10.0,1.0,1,False,True,3,2024,Australian Grand Prix
14,ALO,10.0,82.608,28.563,18.363,35.682,HARD,11.0,1.0,1,True,True,3,2024,Australian Grand Prix
14,ALO,11.0,82.939,28.895,18.338,35.706,HARD,12.0,1.0,1,False,True,3,2024,Australian Grand Prix
14,ALO,12.0,82.904,28.712,18.34,35.852,HARD,13.0,1.0,1,False,True,3,2024,Australian Grand Prix
14,ALO,13.0,83.187,28.986,18.324,35.877,HARD,14.0,1.0,1,False,True,3,2024,Australian Grand Prix
14,ALO,14.0,83.455,29.2,18.278,35.977,HARD,15.0,1.0,1,False,True,3,2024,Australian Grand Prix
14,ALO,15.0,83.138,28.907,18.401,35.83,HARD,16.0,1.0,1,False,True,3,2024,Australian Grand Prix
14,ALO,16.0,83.239,29.002,18.45,35.787,HARD,17.0,1.0,1,False,True,3,2024,Australian Grand Prix
14,ALO,19.0,82.928,28.883,18.355,35.69,MEDIUM,3.0,2.0,1,False,True,3,2024,Australian Grand Prix
14,ALO,20.0,82.831,28.729,18.285,35.817,MEDIUM,4.0,2.0,1,False,True,3,2024,Australian Grand Prix
14,ALO,21.0,82.704,28.737,18.277,35.69,MEDIUM,5.0,2.0,1,False,True,3,2024,Australian Grand Prix
14,ALO,22.0,82.478,28.735,18.288,35.455,MEDIUM,6.0,2.0,1,True,True,3,2024,Australian Grand Prix
14,ALO,23.0,82.441,28.625,18.197,35.619,MEDIUM,7.0,2.0,1,True,True,3,2024,Australian Grand Prix
14,ALO,24.0,82.287,28.695,18.171,35.421,MEDIUM,8.0,2.0,1,True,True,3,2024,Australian Grand Prix
14,ALO,25.0,82.708,28.728,18.219,35.761,MEDIUM,9.0,2.0,1,False,True,3,2024,Australian Grand Prix
14,ALO,26.0,82.988,28.899,18.353,35.736,MEDIUM,10.0,2.0,1,False,True,3,2024,Australian Grand Prix
14,ALO,27.0,83.257,28.79,18.31,36.157,MEDIUM,11.0,2.0,1,False,True,3,2024,Australian Grand Prix
14,ALO,28.0,82.259,28.746,17.966,35.547,MEDIUM,12.0,2.0,1,True,True,3,2024,Australian Grand Prix
14,ALO,29.0,81.98,28.578,18.02,35.382,MEDIUM,13.0,2.0,1,True,True,3,2024,Australian Grand Prix
14,ALO,30.0,82.175,28.685,17.887,35.603,MEDIUM,14.0,2.0,1,False,True,3,2024,Australian Grand Prix
14,ALO,31.0,82.355,28.794,17.957,35.604,MEDIUM,15.0,2.0,1,False,True,3,2024,Australian Grand Prix
14,ALO,32.0,82.491,28.885,17.888,35.718,MEDIUM,16.0,2.0,1,False,True,3,2024,Australian Grand Prix
14,ALO,33.0,82.649,28.882,18.031,35.736,MEDIUM,17.0,2.0,1,False,True,3,2024,Australian Grand Prix
14,ALO,34.0,82.918,28.788,18.042,36.088,MEDIUM,18.0,2.0,1,False,True,3,2024,Australian Grand Prix
14,ALO,35.0,85.73,31.068,18.302,36.36,MEDIUM,19.0,2.0,1,False,True,3,2024,Australian Grand Prix
14,ALO,36.0,82.714,28.579,18.254,35.881,MEDIUM,20.0,2.0,1,False,True,3,2024,Australian Grand Prix
14,ALO,37.0,82.862,28.779,18.217,35.866,MEDIUM,21.0,2.0,1,False,True,3,2024,Australian Grand Prix
14,ALO,38.0,82.566,28.719,18.232,35.615,MEDIUM,22.0,2.0,1,False,True,3,2024,Australian Grand Prix
14,ALO,39.0,82.772,28.724,18.187,35.861,MEDIUM,23.0,2.0,1,False,True,3,2024,Australian Grand Prix
14,ALO,40.0,82.714,28.768,18.18,35.766,MEDIUM,24.0,2.0,1,False,True,3,2024,Australian Grand Prix
14,ALO,43.0,81.724,28.361,18.176,35.187,HARD,3.0,3.0,1,True,True,3,2024,Australian Grand Prix
14,ALO,44.0,81.394,28.28,18.16,34.954,HARD,4.0,3.0,1,True,True,3,2024,Australian Grand Prix
14,ALO,45.0,81.454,28.352,18.08,35.022,HARD,5.0,3.0,1,False,True,3,2024,Australian Grand Prix
14,ALO,46.0,81.344,28.221,18.17,34.953,HARD,6.0,3.0,1,True,True,3,2024,Australian Grand Prix
14,ALO,47.0,81.183,28.291,18.101,34.791,HARD,7.0,3.0,1,True,True,3,2024,Australian Grand Prix
14,ALO,48.0,81.347,28.288,18.181,34.878,HARD,8.0,3.0,1,False,True,3,2024,Australian Grand Prix
14,ALO,49.0,81.122,28.266,18.051,34.805,HARD,9.0,3.0,1,True,True,3,2024,Australian Grand Prix
14,ALO,50.0,80.736,28.053,18.004,34.679,HARD,10.0,3.0,1,True,True,3,2024,Australian Grand Prix
14,ALO,51.0,80.938,28.169,18.104,34.665,HARD,11.0,3.0,1,False,True,3,2024,Australian Grand Prix
14,ALO,52.0,80.493,27.981,18.004,34.508,HARD,12.0,3.0,1,True,True,3,2024,Australian Grand Prix
14,ALO,53.0,80.867,28.122,18.029,34.716,HARD,13.0,3.0,1,False,True,3,2024,Australian Grand Prix
14,ALO,54.0,81.035,28.123,18.064,34.848,HARD,14.0,3.0,1,False,True,3,2024,Australian Grand Prix
14,ALO,55.0,80.952,28.152,18.067,34.733,HARD,15.0,3.0,1,False,True,3,2024,Australian Grand Prix
14,ALO,56.0,80.752,27.909,17.991,34.852,HARD,16.0,3.0,1,False,True,3,2024,Australian Grand Prix
16,LEC,2.0,83.014,28.731,17.982,36.301,MEDIUM,2.0,1.0,1,True,True,3,2024,Australian Grand Prix
16,LEC,3.0,82.776,28.753,17.912,36.111,MEDIUM,3.0,1.0,1,True,True,3,2024,Australian Grand Prix
16,LEC,4.0,82.519,28.753,18.015,35.751,MEDIUM,4.0,1.0,1,True,True,3,2024,Australian Grand Prix
16,LEC,5.0,82.632,28.895,17.93,35.807,MEDIUM,5.0,1.0,1,False,True,3,2024,Australian Grand Prix
16,LEC,6.0,82.673,28.817,17.824,36.032,MEDIUM,6.0,1.0,1,False,True,3,2024,Australian Grand Prix
16,LEC,7.0,82.684,28.963,17.949,35.772,MEDIUM,7.0,1.0,1,False,True,3,2024,Australian Grand Prix
16,LEC,8.0,82.983,28.769,17.823,36.391,MEDIUM,8.0,1.0,1,False,True,3,2024,Australian Grand Prix
16,LEC,11.0,82.647,28.9,18.018,35.729,HARD,2.0,2.0,1,False,True,3,2024,Australian Grand Prix
16,LEC,12.0,81.841,28.454,18.244,35.143,HARD,3.0,2.0,1,True,True,3,2024,Australian Grand Prix
16,LEC,13.0,82.222,28.716,18.198,35.308,HARD,4.0,2.0,1,False,True,3,2024,Australian Grand Prix
16,LEC,14.0,81.952,28.647,18.127,35.178,HARD,5.0,2.0,1,False,True,3,2024,Australian Grand Prix
16,LEC,15.0,81.735,28.447,18.202,35.086,HARD,6.0,2.0,1,True,True,3,2024,Australian Grand Prix
16,LEC,16.0,82.247,28.598,18.349,35.3,HARD,7.0,2.0,1,False,True,3,2024,Australian Grand Prix
16,LEC,19.0,81.881,28.197,18.205,35.479,HARD,10.0,2.0,1,False,True,3,2024,Australian Grand Prix
16,LEC,20.0,81.885,28.409,18.11,35.366,HARD,11.0,2.0,1,False,True,3,2024,Australian Grand Prix
16,LEC,21.0,82.058,28.477,18.114,35.467,HARD,12.0,2.0,1,False,True,3,2024,Australian Grand Prix
16,LEC,22.0,81.722,28.368,18.072,35.282,HARD,13.0,2.0,1,True,True,3,2024,Australian Grand Prix
16,LEC,23.0,81.932,28.419,18.062,35.451,HARD,14.0,2.0,1,False,True,3,2024,Australian Grand Prix
16,LEC,24.0,81.852,28.455,18.042,35.355,HARD,15.0,2.0,1,False,True,3,2024,Australian Grand Prix
16,LEC,25.0,81.951,28.587,18.078,35.286,HARD,16.0,2.0,1,False,True,3,2024,Australian Grand Prix
16,LEC,26.0,82.042,28.596,18.091,35.355,HARD,17.0,2.0,1,False,True,3,2024,Australian Grand Prix
16,LEC,27.0,81.822,28.59,18.059,35.173,HARD,18.0,2.0,1,False,True,3,2024,Australian Grand Prix
16,LEC,28.0,81.969,28.496,18.164,35.309,HARD,19.0,2.0,1,False,True,3,2024,Australian Grand Prix
16,LEC,29.0,82.433,28.845,18.259,35.329,HARD,20.0,2.0,1,False,True,3,2024,Australian Grand Prix
16,LEC,30.0,82.284,28.708,18.276,35.3,HARD,21.0,2.0,1,False,True,3,2024,Australian Grand Prix
16,LEC,31.0,81.996,28.587,18.184,35.225,HARD,22.0,2.0,1,False,True,3,2024,Australian Grand Prix
16,LEC,32.0,81.841,28.706,18.13,35.005,HARD,23.0,2.0,1,False,True,3,2024,Australian Grand Prix
16,LEC,33.0,82.022,28.743,18.172,35.107,HARD,24.0,2.0,1,False,True,3,2024,Australian Grand Prix
16,LEC,36.0,81.942,28.493,18.231,35.218,HARD,2.0,3.0,1,False,True,3,2024,Australian Grand Prix
16,LEC,37.0,80.688,28.238,18.085,34.365,HARD,3.0,3.0,1,True,True,3,2024,Australian Grand Prix
16,LEC,38.0,80.949,28.1,17.966,34.883,HARD,4.0,3.0,1,False,True,3,2024,Australian Grand Prix
16,LEC,39.0,80.909,28.184,17.887,34.838,HARD,5.0,3.0,1,False,True,3,2024,Australian Grand Prix
16,LEC,40.0,80.953,28.187,17.895,34.871,HARD,6.0,3.0,1,False,True,3,2024,Australian Grand Prix
16,LEC,41.0,80.675,28.107,17.871,34.697,HARD,7.0,3.0,1,True,True,3,2024,Australian Grand Prix
16,LEC,42.0,80.849,28.366,17.866,34.617,HARD,8.0,3.0,1,False,True,3,2024,Australian Grand Prix
16,LEC,43.0,80.853,28.089,17.823,34.941,HARD,9.0,3.0,1,False,True,3,2024,Australian Grand Prix
16,LEC,44.0,80.56,28.069,17.861,34.63,HARD,10.0,3.0,1,True,True,3,2024,Australian Grand Prix
16,LEC,45.0,80.408,28.11,17.8,34.498,HARD,11.0,3.0,1,True,True,3,2024,Australian Grand Prix
16,LEC,46.0,80.76,28.049,18.096,34.615,HARD,12.0,3.0,1,False,True,3,2024,Australian Grand Prix
16,LEC,47.0,79.999,27.807,17.791,34.401,HARD,13.0,3.0,1,True,True,3,2024,Australian Grand Prix
16,LEC,48.0,80.349,28.125,17.844,34.38,HARD,14.0,3.0,1,False,True,3,2024,Australian Grand Prix
16,LEC,49.0,80.144,27.919,17.844,34.381,HARD,15.0,3.0,1,False,True,3,2024,Australian Grand Prix
16,LEC,50.0,79.925,27.895,17.77,34.26,HARD,16.0,3.0,1,True,True,3,2024,Australian Grand Prix
16,LEC,51.0,80.215,27.948,17.857,34.41,HARD,17.0,3.0,1,False,True,3,2024,Australian Grand Prix
16,LEC,52.0,80.331,27.976,17.865,34.49,HARD,18.0,3.0,1,False,True,3,2024,Australian Grand Prix
16,LEC,53.0,80.463,28.073,17.852,34.538,HARD,19.0,3.0,1,False,True,3,2024,Australian Grand Prix
16,LEC,54.0,80.32,28.019,17.81,34.491,HARD,20.0,3.0,1,False,True,3,2024,Australian Grand Prix
16,LEC,55.0,80.962,28.437,17.832,34.693,HARD,21.0,3.0,1,False,True,3,2024,Australian Grand Prix
16,LEC,56.0,79.813,28.044,17.572,34.197,HARD,22.0,3.0,1,True,True,3,2024,Australian Grand Prix
16,LEC,57.0,80.871,28.062,17.781,35.028,HARD,23.0,3.0,12,False,True,3,2024,Australian Grand Prix
18,STR,2.0,83.551,29.507,18.117,35.927,MEDIUM,3.0,1.0,1,True,True,3,2024,Australian Grand Prix
18,STR,3.0,83.196,29.015,18.169,36.012,MEDIUM,4.0,1.0,1,True,True,3,2024,Australian Grand Prix
18,STR,4.0,83.454,28.949,18.13,36.375,MEDIUM,5.0,1.0,1,False,True,3,2024,Australian Grand Prix
18,STR,5.0,83.337,28.941,18.062,36.334,MEDIUM,6.0,1.0,1,False,True,3,2024,Australian Grand Prix
18,STR,6.0,83.027,28.902,18.106,36.019,MEDIUM,7.0,1.0,1,True,True,3,2024,Australian Grand Prix
18,STR,7.0,83.019,28.945,18.021,36.053,MEDIUM,8.0,1.0,1,True,True,3,2024,Australian Grand Prix
18,STR,10.0,82.883,28.763,18.299,35.821,HARD,3.0,2.0,1,True,True,3,2024,Australian Grand Prix
18,STR,11.0,82.718,28.755,18.212,35.751,HARD,4.0,2.0,1,True,True,3,2024,Australian Grand Prix
18,STR,12.0,83.063,28.858,18.308,35.897,HARD,5.0,2.0,1,False,True,3,2024,Australian Grand Prix
18,STR,13.0,83.322,28.92,18.278,36.124,HARD,6.0,2.0,1,False,True,3,2024,Australian Grand Prix
18,STR,14.0,83.106,28.867,18.238,36.001,HARD,7.0,2.0,1,False,True,3,2024,Australian Grand Prix
18,STR,15.0,83.45,29.221,18.357,35.872,HARD,8.0,2.0,1,False,True,3,2024,Australian Grand Prix
18,STR,16.0,84.65,29.194,17.98,37.476,HARD,9.0,2.0,1,False,True,3,2024,Australian Grand Prix
18,STR,19.0,83.105,28.71,18.244,36.151,HARD,12.0,2.0,1,False,True,3,2024,Australian Grand Prix
18,STR,20.0,82.922,28.668,18.233,36.021,HARD,13.0,2.0,1,False,True,3,2024,Australian Grand Prix
18,STR,21.0,82.628,28.674,18.202,35.752,HARD,14.0,2.0,1,True,True,3,2024,Australian Grand Prix
18,STR,22.0,82.905,28.641,18.185,36.079,HARD,15.0,2.0,1,False,True,3,2024,Australian Grand Prix
18,STR,23.0,82.861,28.795,18.236,35.83,HARD,16.0,2.0,1,False,True,3,2024,Australian Grand Prix
18,STR,24.0,82.852,28.715,18.159,35.978,HARD,17.0,2.0,1,False,True,3,2024,Australian Grand Prix
18,STR,25.0,82.941,28.821,18.203,35.917,HARD,18.0,2.0,1,False,True,3,2024,Australian Grand Prix
18,STR,26.0,83.294,28.858,18.27,36.166,HARD,19.0,2.0,1,False,True,3,2024,Australian Grand Prix
18,STR,27.0,83.192,28.78,18.21,36.202,HARD,20.0,2.0,1,False,True,3,2024,Australian Grand Prix
18,STR,28.0,83.059,28.871,18.249,35.939,HARD,21.0,2.0,1,False,True,3,2024,Australian Grand Prix
18,STR,29.0,83.135,28.955,18.347,35.833,HARD,22.0,2.0,1,False,True,3,2024,Australian Grand Prix
18,STR,30.0,83.124,28.875,18.298,35.951,HARD,23.0,2.0,1,False,True,3,2024,Australian Grand Prix
18,STR,31.0,83.521,29.11,18.331,36.08,HARD,24.0,2.0,1,False,True,3,2024,Australian Grand Prix
18,STR,32.0,83.157,28.921,18.262,35.974,HARD,25.0,2.0,1,False,True,3,2024,Australian Grand Prix
18,STR,33.0,83.266,29.001,18.354,35.911,HARD,26.0,2.0,1,False,True,3,2024,Australian Grand Prix
18,STR,34.0,83.114,28.986,18.288,35.84,HARD,27.0,2.0,1,False,True,3,2024,Australian Grand Prix
18,STR,35.0,83.398,29.054,18.316,36.028,HARD,28.0,2.0,1,False,True,3,2024,Australian Grand Prix
18,STR,36.0,83.207,29.035,18.282,35.89,HARD,29.0,2.0,1,False,True,3,2024,Australian Grand Prix
18,STR,39.0,82.042,28.498,18.275,35.269,HARD,3.0,3.0,1,True,True,3,2024,Australian Grand Prix
18,STR,40.0,82.1,28.665,18.23,35.205,HARD,4.0,3.0,1,False,True,3,2024,Australian Grand Prix
18,STR,41.0,82.244,28.417,18.198,35.629,HARD,5.0,3.0,1,False,True,3,2024,Australian Grand Prix
18,STR,42.0,81.829,28.383,18.2,35.246,HARD,6.0,3.0,1,True,True,3,2024,Australian Grand Prix
18,STR,43.0,81.722,28.38,18.055,35.287,HARD,7.0,3.0,1,True,True,3,2024,Australian Grand Prix
18,STR,44.0,81.992,28.476,18.074,35.442,HARD,8.0,3.0,1,False,True,3,2024,Australian Grand Prix
18,STR,45.0,81.603,28.27,18.094,35.239,HARD,9.0,3.0,1,True,True,3,2024,Australian Grand Prix
18,STR,46.0,81.431,28.26,18.093,35.078,HARD,10.0,3.0,1,True,True,3,2024,Australian Grand Prix
18,STR,47.0,81.014,28.162,18.105,34.747,HARD,11.0,3.0,1,True,True,3,2024,Australian Grand Prix
18,STR,48.0,81.109,28.185,18.076,34.848,HARD,12.0,3.0,1,False,True,3,2024,Australian Grand Prix
18,STR,49.0,80.93,28.058,18.072,34.8,HARD,13.0,3.0,1,True,True,3,2024,Australian Grand Prix
18,STR,50.0,80.991,28.152,18.077,34.762,HARD,14.0,3.0,1,False,True,3,2024,Australian Grand Prix
18,STR,51.0,81.121,28.174,18.099,34.848,HARD,15.0,3.0,1,False,True,3,2024,Australian Grand Prix
18,STR,52.0,81.213,28.234,18.166,34.813,HARD,16.0,3.0,1,False,True,3,2024,Australian Grand Prix
18,STR,53.0,81.063,28.121,18.093,34.849,HARD,17.0,3.0,1,False,True,3,2024,Australian Grand Prix
18,STR,54.0,81.13,28.029,18.135,34.966,HARD,18.0,3.0,1,False,True,3,2024,Australian Grand Prix
18,STR,55.0,81.272,28.135,18.219,34.918,HARD,19.0,3.0,1,False,True,3,2024,Australian Grand Prix
18,STR,56.0,81.233,28.132,18.185,34.916,HARD,20.0,3.0,1,False,True,3,2024,Australian Grand Prix
20,MAG,2.0,84.248,29.856,18.052,36.34,MEDIUM,2.0,1.0,1,True,True,3,2024,Australian Grand Prix
20,MAG,3.0,83.565,29.255,18.095,36.215,MEDIUM,3.0,1.0,1,True,True,3,2024,Australian Grand Prix
20,MAG,4.0,83.529,29.068,18.018,36.443,MEDIUM,4.0,1.0,1,True,True,3,2024,Australian Grand Prix
20,MAG,5.0,83.961,29.446,18.061,36.454,MEDIUM,5.0,1.0,1,False,True,3,2024,Australian Grand Prix
20,MAG,6.0,83.954,29.211,18.296,36.447,MEDIUM,6.0,1.0,1,False,True,3,2024,Australian Grand Prix
20,MAG,9.0,83.662,29.317,18.413,35.932,HARD,2.0,2.0,1,False,True,3,2024,Australian Grand Prix
20,MAG,10.0,83.671,29.145,17.985,36.541,HARD,3.0,2.0,1,False,True,3,2024,Australian Grand Prix
20,MAG,11.0,83.322,29.073,18.025,36.224,HARD,4.0,2.0,1,True,True,3,2024,Australian Grand Prix
20,MAG,12.0,83.11,29.117,17.971,36.022,HARD,5.0,2.0,1,True,True,3,2024,Australian Grand Prix
20,MAG,13.0,83.063,28.848,18.03,36.185,HARD,6.0,2.0,1,True,True,3,2024,Australian Grand Prix
20,MAG,14.0,82.905,28.975,17.955,35.975,HARD,7.0,2.0,1,True,True,3,2024,Australian Grand Prix
20,MAG,15.0,83.668,29.093,18.303,36.272,HARD,8.0,2.0,1,False,True,3,2024,Australian Grand Prix
20,MAG,16.0,83.561,29.073,18.228,36.26,HARD,9.0,2.0,1,False,True,3,2024,Australian Grand Prix
20,MAG,18.0,83.125,29.28,18.21,35.635,HARD,11.0,2.0,1,False,True,3,2024,Australian Grand Prix
20,MAG,19.0,82.848,28.691,18.204,35.953,HARD,12.0,2.0,1,True,True,3,2024,Australian Grand Prix
20,MAG,20.0,82.809,28.859,18.147,35.803,HARD,13.0,2.0,1,True,True,3,2024,Australian Grand Prix
20,MAG,21.0,82.86,28.817,18.149,35.894,HARD,14.0,2.0,1,False,True,3,2024,Australian Grand Prix
20,MAG,22.0,83.315,28.881,18.063,36.371,HARD,15.0,2.0,1,False,True,3,2024,Australian Grand Prix
20,MAG,23.0,84.285,29.063,18.199,37.023,HARD,16.0,2.0,1,False,True,3,2024,Australian Grand Prix
20,MAG,24.0,83.33,28.96,18.161,36.209,HARD,17.0,2.0,1,False,True,3,2024,Australian Grand Prix
20,MAG,25.0,83.502,29.113,18.175,36.214,HARD,18.0,2.0,1,False,True,3,2024,Australian Grand Prix
20,MAG,26.0,83.485,29.057,18.279,36.149,HARD,19.0,2.0,1,False,True,3,2024,Australian Grand Prix
20,MAG,27.0,83.525,29.057,18.167,36.301,HARD,20.0,2.0,1,False,True,3,2024,Australian Grand Prix
20,MAG,28.0,83.467,28.881,18.441,36.145,HARD,21.0,2.0,1,False,True,3,2024,Australian Grand Prix
20,MAG,29.0,83.456,28.996,18.266,36.194,HARD,22.0,2.0,1,False,True,3,2024,Australian Grand Prix
20,MAG,30.0,83.407,29.082,18.187,36.138,HARD,23.0,2.0,1,False,True,3,2024,Australian Grand Prix
20,MAG,31.0,83.216,29.001,18.254,35.961,HARD,24.0,2.0,1,False,True,3,2024,Australian Grand Prix
20,MAG,32.0,83.396,29.113,18.248,36.035,HARD,25.0,2.0,1,False,True,3,2024,Australian Grand Prix
20,MAG,35.0,82.34,28.467,18.179,35.694,HARD,2.0,3.0,1,True,True,3,2024,Australian Grand Prix
20,MAG,36.0,82.109,28.474,18.015,35.62,HARD,3.0,3.0,1,True,True,3,2024,Australian Grand Prix
20,MAG,37.0,82.261,28.64,18.008,35.613,HARD,4.0,3.0,1,False,True,3,2024,Australian Grand Prix
20,MAG,38.0,82.085,28.649,17.979,35.457,HARD,5.0,3.0,1,True,True,3,2024,Australian Grand Prix
20,MAG,39.0,81.845,28.582,17.962,35.301,HARD,6.0,3.0,1,True,True,3,2024,Australian Grand Prix
20,MAG,40.0,81.771,28.346,18.034,35.391,HARD,7.0,3.0,1,True,True,3,2024,Australian Grand Prix
20,MAG,41.0,83.189,29.007,18.687,35.495,HARD,8.0,3.0,1,False,True,3,2024,Australian Grand Prix
20,MAG,42.0,81.914,28.45,17.579,35.885,HARD,9.0,3.0,1,False,True,3,2024,Australian Grand Prix
20,MAG,43.0,82.053,28.314,17.657,36.082,HARD,10.0,3.0,1,False,True,3,2024,Australian Grand Prix
20,MAG,44.0,81.082,28.418,17.488,35.176,HARD,11.0,3.0,1,True,True,3,2024,Australian Grand Prix
20,MAG,45.0,81.637,28.428,18.032,35.177,HARD,12.0,3.0,1,False,True,3,2024,Australian Grand Prix
20,MAG,46.0,81.463,28.385,17.994,35.084,HARD,13.0,3.0,1,False,True,3,2024,Australian Grand Prix
20,MAG,47.0,81.538,28.307,17.952,35.279,HARD,14.0,3.0,1,False,True,3,2024,Australian Grand Prix
20,MAG,48.0,81.67,28.41,17.98,35.28,HARD,15.0,3.0,1,False,True,3,2024,Australian Grand Prix
20,MAG,49.0,81.386,28.312,17.874,35.2,HARD,16.0,3.0,1,False,True,3,2024,Australian Grand Prix
20,MAG,50.0,81.666,28.432,18.004,35.23,HARD,17.0,3.0,1,False,True,3,2024,Australian Grand Prix
20,MAG,51.0,81.42,28.391,17.891,35.138,HARD,18.0,3.0,1,False,True,3,2024,Australian Grand Prix
20,MAG,52.0,81.631,28.441,18.011,35.179,HARD,19.0,3.0,1,False,True,3,2024,Australian Grand Prix
20,MAG,53.0,81.663,28.371,17.973,35.319,HARD,20.0,3.0,1,False,True,3,2024,Australian Grand Prix
20,MAG,54.0,85.255,28.606,18.056,38.593,HARD,21.0,3.0,1,False,True,3,2024,Australian Grand Prix
20,MAG,55.0,84.951,29.244,18.362,37.345,HARD,22.0,3.0,1,False,True,3,2024,Australian Grand Prix
20,MAG,56.0,83.198,28.619,18.156,36.423,HARD,23.0,3.0,1,False,True,3,2024,Australian Grand Prix
22,TSU,2.0,83.807,29.709,18.016,36.082,MEDIUM,2.0,1.0,1,True,True,3,2024,Australian Grand Prix
22,TSU,3.0,83.203,29.009,18.089,36.105,MEDIUM,3.0,1.0,1,True,True,3,2024,Australian Grand Prix
22,TSU,4.0,83.434,29.05,18.104,36.28,MEDIUM,4.0,1.0,1,False,True,3,2024,Australian Grand Prix
22,TSU,5.0,83.31,29.072,18.048,36.19,MEDIUM,5.0,1.0,1,False,True,3,2024,Australian Grand Prix
22,TSU,6.0,83.445,29.026,18.115,36.304,MEDIUM,6.0,1.0,1,False,True,3,2024,Australian Grand Prix
22,TSU,7.0,82.864,28.848,17.947,36.069,MEDIUM,7.0,1.0,1,True,True,3,2024,Australian Grand Prix
22,TSU,8.0,83.381,28.869,18.224,36.288,MEDIUM,8.0,1.0,1,False,True,3,2024,Australian Grand Prix
22,TSU,11.0,82.898,28.912,18.29,35.696,HARD,2.0,2.0,1,False,True,3,2024,Australian Grand Prix
22,TSU,12.0,82.799,28.776,18.268,35.755,HARD,3.0,2.0,1,True,True,3,2024,Australian Grand Prix
22,TSU,13.0,83.032,28.72,18.212,36.1,HARD,4.0,2.0,1,False,True,3,2024,Australian Grand Prix
22,TSU,14.0,82.823,28.795,18.235,35.793,HARD,5.0,2.0,1,False,True,3,2024,Australian Grand Prix
22,TSU,15.0,83.336,29.078,18.251,36.007,HARD,6.0,2.0,1,False,True,3,2024,Australian Grand Prix
22,TSU,16.0,83.252,28.921,18.224,36.107,HARD,7.0,2.0,1,False,True,3,2024,Australian Grand Prix
22,TSU,19.0,82.994,28.9,18.234,35.86,HARD,10.0,2.0,1,False,True,3,2024,Australian Grand Prix
22,TSU,20.0,83.048,28.775,18.134,36.139,HARD,11.0,2.0,1,False,True,3,2024,Australian Grand Prix
22,TSU,21.0,82.968,28.808,18.25,35.91,HARD,12.0,2.0,1,False,True,3,2024,Australian Grand Prix
22,TSU,22.0,82.673,28.789,18.167,35.717,HARD,13.0,2.0,1,True,True,3,2024,Australian Grand Prix
22,TSU,23.0,82.953,28.884,18.167,35.902,HARD,14.0,2.0,1,False,True,3,2024,Australian Grand Prix
22,TSU,24.0,83.026,28.864,18.186,35.976,HARD,15.0,2.0,1,False,True,3,2024,Australian Grand Prix
22,TSU,25.0,83.001,28.961,18.23,35.81,HARD,16.0,2.0,1,False,True,3,2024,Australian Grand Prix
22,TSU,26.0,83.302,28.853,18.222,36.227,HARD,17.0,2.0,1,False,True,3,2024,Australian Grand Prix
22,TSU,27.0,83.248,29.0,18.22,36.028,HARD,18.0,2.0,1,False,True,3,2024,Australian Grand Prix
22,TSU,28.0,83.075,28.872,18.218,35.985,HARD,19.0,2.0,1,False,True,3,2024,Australian Grand Prix
22,TSU,29.0,83.498,29.078,18.314,36.106,HARD,20.0,2.0,1,False,True,3,2024,Australian Grand Prix
22,TSU,30.0,83.382,28.979,18.32,36.083,HARD,21.0,2.0,1,False,True,3,2024,Australian Grand Prix
22,TSU,31.0,83.367,29.068,18.3,35.999,HARD,22.0,2.0,1,False,True,3,2024,Australian Grand Prix
22,TSU,32.0,83.39,29.119,18.318,35.953,HARD,23.0,2.0,1,False,True,3,2024,Australian Grand Prix
22,TSU,33.0,83.226,29.053,18.274,35.899,HARD,24.0,2.0,1,False,True,3,2024,Australian Grand Prix
22,TSU,34.0,83.323,29.019,18.339,35.965,HARD,25.0,2.0,1,False,True,3,2024,Australian Grand Prix
22,TSU,35.0,83.289,29.056,18.349,35.884,HARD,26.0,2.0,1,False,True,3,2024,Australian Grand Prix
22,TSU,38.0,81.924,28.555,18.135,35.234,HARD,2.0,3.0,1,True,True,3,2024,Australian Grand Prix
22,TSU,39.0,82.247,28.595,18.154,35.498,HARD,3.0,3.0,1,False,True,3,2024,Australian Grand Prix
22,TSU,40.0,83.218,28.834,17.732,36.652,HARD,4.0,3.0,1,False,True,3,2024,Australian Grand Prix
22,TSU,41.0,81.764,28.515,18.091,35.158,HARD,5.0,3.0,1,True,True,3,2024,Australian Grand Prix
22,TSU,42.0,81.784,28.437,18.099,35.248,HARD,6.0,3.0,1,False,True,3,2024,Australian Grand Prix
22,TSU,43.0,81.928,28.484,18.093,35.351,HARD,7.0,3.0,1,False,True,3,2024,Australian Grand Prix
22,TSU,44.0,81.824,28.49,18.101,35.233,HARD,8.0,3.0,1,False,True,3,2024,Australian Grand Prix
22,TSU,45.0,81.696,28.467,18.092,35.137,HARD,9.0,3.0,1,True,True,3,2024,Australian Grand Prix
22,TSU,46.0,81.134,28.246,18.038,34.85,HARD,10.0,3.0,1,True,True,3,2024,Australian Grand Prix
22,TSU,47.0,81.254,28.261,18.02,34.973,HARD,11.0,3.0,1,False,True,3,2024,Australian Grand Prix
22,TSU,48.0,81.174,28.276,18.014,34.884,HARD,12.0,3.0,1,False,True,3,2024,Australian Grand Prix
22,TSU,49.0,81.303,28.282,18.017,35.004,HARD,13.0,3.0,1,False,True,3,2024,Australian Grand Prix
22,TSU,50.0,81.285,28.3,18.041,34.944,HARD,14.0,3.0,1,False,True,3,2024,Australian Grand Prix
22,TSU,51.0,81.568,28.22,18.095,35.253,HARD,15.0,3.0,1,False,True,3,2024,Australian Grand Prix
22,TSU,52.0,81.647,28.445,18.095,35.107,HARD,16.0,3.0,1,False,True,3,2024,Australian Grand Prix
22,TSU,53.0,81.553,28.27,18.125,35.158,HARD,17.0,3.0,1,False,True,3,2024,Australian Grand Prix
22,TSU,54.0,81.716,28.338,18.148,35.23,HARD,18.0,3.0,1,False,True,3,2024,Australian Grand Prix
22,TSU,55.0,81.677,28.368,18.132,35.177,HARD,19.0,3.0,1,False,True,3,2024,Australian Grand Prix
22,TSU,56.0,81.812,28.53,18.148,35.134,HARD,20.0,3.0,1,False,True,3,2024,Australian Grand Prix
23,ALB,2.0,84.536,30.021,18.135,36.38,MEDIUM,2.0,1.0,1,True,True,3,2024,Australian Grand Prix
23,ALB,3.0,83.606,29.307,18.047,36.252,MEDIUM,3.0,1.0,1,True,True,3,2024,Australian Grand Prix
23,ALB,4.0,83.438,29.061,18.076,36.301,MEDIUM,4.0,1.0,1,True,True,3,2024,Australian Grand Prix
23,ALB,5.0,83.916,29.328,18.079,36.509,MEDIUM,5.0,1.0,1,False,True,3,2024,Australian Grand Prix
23,ALB,8.0,83.72,29.377,18.444,35.899,HARD,2.0,2.0,1,False,True,3,2024,Australian Grand Prix
23,ALB,9.0,83.645,29.274,18.408,35.963,HARD,3.0,2.0,1,False,True,3,2024,Australian Grand Prix
23,ALB,10.0,83.852,29.78,18.253,35.819,HARD,4.0,2.0,1,False,True,3,2024,Australian Grand Prix
23,ALB,11.0,83.254,29.091,18.333,35.83,HARD,5.0,2.0,1,True,True,3,2024,Australian Grand Prix
23,ALB,12.0,82.767,29.045,18.159,35.563,HARD,6.0,2.0,1,True,True,3,2024,Australian Grand Prix
23,ALB,13.0,83.183,28.991,18.198,35.994,HARD,7.0,2.0,1,False,True,3,2024,Australian Grand Prix
23,ALB,14.0,82.978,29.004,18.19,35.784,HARD,8.0,2.0,1,False,True,3,2024,Australian Grand Prix
23,ALB,15.0,83.027,28.888,18.215,35.924,HARD,9.0,2.0,1,False,True,3,2024,Australian Grand Prix
23,ALB,16.0,82.963,28.847,18.121,35.995,HARD,10.0,2.0,1,False,True,3,2024,Australian Grand Prix
23,ALB,18.0,84.344,30.085,18.383,35.876,HARD,12.0,2.0,1,False,True,3,2024,Australian Grand Prix
23,ALB,19.0,83.022,28.826,18.266,35.93,HARD,13.0,2.0,1,False,True,3,2024,Australian Grand Prix
23,ALB,20.0,82.607,28.717,18.161,35.729,HARD,14.0,2.0,1,True,True,3,2024,Australian Grand Prix
23,ALB,21.0,83.066,28.956,18.216,35.894,HARD,15.0,2.0,1,False,True,3,2024,Australian Grand Prix
23,ALB,22.0,83.301,28.925,18.219,36.157,HARD,16.0,2.0,1,False,True,3,2024,Australian Grand Prix
23,ALB,23.0,83.198,28.917,18.205,36.076,HARD,17.0,2.0,1,False,True,3,2024,Australian Grand Prix
23,ALB,24.0,83.513,28.97,18.28,36.263,HARD,18.0,2.0,1,False,True,3,2024,Australian Grand Prix
23,ALB,25.0,83.671,29.201,18.328,36.142,HARD,19.0,2.0,1,False,True,3,2024,Australian Grand Prix
23,ALB,26.0,83.525,29.159,18.247,36.119,HARD,20.0,2.0,1,False,True,3,2024,Australian Grand Prix
23,ALB,29.0,82.792,28.879,18.372,35.541,HARD,2.0,3.0,1,False,True,3,2024,Australian Grand Prix
23,ALB,30.0,82.898,28.864,18.254,35.78,HARD,3.0,3.0,1,False,True,3,2024,Australian Grand Prix
23,ALB,31.0,82.949,28.883,18.264,35.802,HARD,4.0,3.0,1,False,True,3,2024,Australian Grand Prix
23,ALB,32.0,82.901,28.71,18.292,35.899,HARD,5.0,3.0,1,False,True,3,2024,Australian Grand Prix
23,ALB,33.0,83.188,28.963,18.242,35.983,HARD,6.0,3.0,1,False,True,3,2024,Australian Grand Prix
23,ALB,34.0,83.061,28.857,18.208,35.996,HARD,7.0,3.0,1,False,True,3,2024,Australian Grand Prix
23,ALB,35.0,83.135,28.982,18.222,35.931,HARD,8.0,3.0,1,False,True,3,2024,Australian Grand Prix
23,ALB,36.0,84.486,29.749,18.001,36.736,HARD,9.0,3.0,1,False,True,3,2024,Australian Grand Prix
23,ALB,37.0,82.918,29.079,18.177,35.662,HARD,10.0,3.0,1,False,True,3,2024,Australian Grand Prix
23,ALB,38.0,82.154,28.612,18.068,35.474,HARD,11.0,3.0,1,True,True,3,2024,Australian Grand Prix
23,ALB,39.0,82.011,28.529,18.079,35.403,HARD,12.0,3.0,1,True,True,3,2024,Australian Grand Prix
23,ALB,40.0,81.74,28.341,17.928,35.471,HARD,13.0,3.0,1,True,True,3,2024,Australian Grand Prix
23,ALB,41.0,83.574,29.684,18.583,35.307,HARD,14.0,3.0,1,False,True,3,2024,Australian Grand Prix
23,ALB,42.0,81.73,28.438,17.99,35.302,HARD,15.0,3.0,1,True,True,3,2024,Australian Grand Prix
23,ALB,43.0,82.292,28.355,17.984,35.953,HARD,16.0,3.0,1,False,True,3,2024,Australian Grand Prix
23,ALB,44.0,82.499,28.359,17.953,36.187,HARD,17.0,3.0,1,False,True,3,2024,Australian Grand Prix
23,ALB,45.0,81.907,28.459,17.961,35.487,HARD,18.0,3.0,1,False,True,3,2024,Australian Grand Prix
23,ALB,46.0,81.618,28.449,17.918,35.251,HARD,19.0,3.0,1,True,True,3,2024,Australian Grand Prix
23,ALB,47.0,81.845,28.443,17.962,35.44,HARD,20.0,3.0,1,False,True,3,2024,Australian Grand Prix
23,ALB,48.0,81.927,28.571,17.994,35.362,HARD,21.0,3.0,1,False,True,3,2024,Australian Grand Prix
23,ALB,49.0,81.918,28.461,17.94,35.517,HARD,22.0,3.0,1,False,True,3,2024,Australian Grand Prix
23,ALB,50.0,82.219,28.659,18.048,35.512,HARD,23.0,3.0,1,False,True,3,2024,Australian Grand Prix
23,ALB,51.0,82.319,28.736,18.093,35.49,HARD,24.0,3.0,1,False,True,3,2024,Australian Grand Prix
23,ALB,52.0,82.184,28.514,18.049,35.621,HARD,25.0,3.0,1,False,True,3,2024,Australian Grand Prix
23,ALB,53.0,82.399,28.743,18.071,35.585,HARD,26.0,3.0,1,False,True,3,2024,Australian Grand Prix
23,ALB,54.0,84.131,28.682,18.173,37.276,HARD,27.0,3.0,1,False,True,3,2024,Australian Grand Prix
23,ALB,55.0,82.312,28.597,18.128,35.587,HARD,28.0,3.0,1,False,True,3,2024,Australian Grand Prix
23,ALB,56.0,84.19,30.327,18.173,35.69,HARD,29.0,3.0,12,False,True,3,2024,Australian Grand Prix
24,ZHO,2.0,84.379,29.555,18.148,36.676,SOFT,2.0,1.0,1,True,True,3,2024,Australian Grand Prix
24,ZHO,3.0,83.912,29.466,18.314,36.132,SOFT,3.0,1.0,1,True,True,3,2024,Australian Grand Prix
24,ZHO,4.0,83.948,29.158,18.187,36.603,SOFT,4.0,1.0,1,False,True,3,2024,Australian Grand Prix
24,ZHO,5.0,84.161,29.236,18.04,36.885,SOFT,5.0,1.0,1,False,True,3,2024,Australian Grand Prix
24,ZHO,8.0,84.402,29.497,18.682,36.223,HARD,3.0,2.0,1,False,True,3,2024,Australian Grand Prix
24,ZHO,9.0,83.624,29.129,18.477,36.018,HARD,4.0,2.0,1,True,True,3,2024,Australian Grand Prix
24,ZHO,10.0,83.66,29.197,18.524,35.939,HARD,5.0,2.0,1,False,True,3,2024,Australian Grand Prix
24,ZHO,11.0,83.447,29.027,18.488,35.932,HARD,6.0,2.0,1,True,True,3,2024,Australian Grand Prix
24,ZHO,12.0,83.177,28.869,18.421,35.887,HARD,7.0,2.0,1,True,True,3,2024,Australian Grand Prix
24,ZHO,13.0,83.471,29.107,18.41,35.954,HARD,8.0,2.0,1,False,True,3,2024,Australian Grand Prix
24,ZHO,14.0,83.302,29.086,18.441,35.775,HARD,9.0,2.0,1,False,True,3,2024,Australian Grand Prix
24,ZHO,15.0,83.329,29.07,18.426,35.833,HARD,10.0,2.0,1,False,True,3,2024,Australian Grand Prix
24,ZHO,16.0,83.339,28.996,18.305,36.038,HARD,11.0,2.0,12,False,True,3,2024,Australian Grand Prix
24,ZHO,18.0,84.958,30.106,18.67,36.182,HARD,13.0,2.0,1,False,True,3,2024,Australian Grand Prix
24,ZHO,19.0,83.537,29.184,18.441,35.912,HARD,14.0,2.0,1,False,True,3,2024,Australian Grand Prix
24,ZHO,20.0,83.069,28.95,18.377,35.742,HARD,15.0,2.0,1,True,True,3,2024,Australian Grand Prix
24,ZHO,21.0,83.473,29.095,18.409,35.969,HARD,16.0,2.0,1,False,True,3,2024,Australian Grand Prix
24,ZHO,22.0,83.431,29.084,18.404,35.943,HARD,17.0,2.0,1,False,True,3,2024,Australian Grand Prix
24,ZHO,23.0,83.264,28.997,18.387,35.88,HARD,18.0,2.0,1,False,True,3,2024,Australian Grand Prix
24,ZHO,24.0,83.196,28.947,18.39,35.859,HARD,19.0,2.0,1,False,True,3,2024,Australian Grand Prix
24,ZHO,25.0,83.031,29.065,18.3,35.666,HARD,20.0,2.0,1,True,True,3,2024,Australian Grand Prix
24,ZHO,26.0,83.062,28.892,18.441,35.729,HARD,21.0,2.0,1,False,True,3,2024,Australian Grand Prix
24,ZHO,27.0,83.097,28.839,18.349,35.909,HARD,22.0,2.0,1,False,True,3,2024,Australian Grand Prix
24,ZHO,28.0,83.023,28.924,18.332,35.767,HARD,23.0,2.0,1,True,True,3,2024,Australian Grand Prix
24,ZHO,29.0,82.602,28.809,18.249,35.544,HARD,24.0,2.0,1,True,True,3,2024,Australian Grand Prix
24,ZHO,30.0,82.989,28.908,18.308,35.773,HARD,25.0,2.0,1,False,True,3,2024,Australian Grand Prix
24,ZHO,31.0,82.826,28.813,18.357,35.656,HARD,26.0,2.0,1,False,True,3,2024,Australian Grand Prix
24,ZHO,32.0,83.17,28.988,18.274,35.908,HARD,27.0,2.0,1,False,True,3,2024,Australian Grand Prix
24,ZHO,33.0,83.246,28.848,18.365,36.033,HARD,28.0,2.0,1,False,True,3,2024,Australian Grand Prix
24,ZHO,34.0,83.068,28.927,18.358,35.783,HARD,29.0,2.0,1,False,True,3,2024,Australian Grand Prix
24,ZHO,37.0,82.598,28.596,18.262,35.74,HARD,2.0,3.0,1,True,True,3,2024,Australian Grand Prix
24,ZHO,38.0,82.43,28.906,18.19,35.334,HARD,3.0,3.0,1,True,True,3,2024,Australian Grand Prix
24,ZHO,39.0,82.008,28.476,18.181,35.351,HARD,4.0,3.0,1,True,True,3,2024,Australian Grand Prix
24,ZHO,40.0,81.908,28.391,18.108,35.409,HARD,5.0,3.0,1,True,True,3,2024,Australian Grand Prix
24,ZHO,41.0,83.999,28.641,18.957,36.401,HARD,6.0,3.0,1,False,True,3,2024,Australian Grand Prix
24,ZHO,42.0,82.195,28.581,18.041,35.573,HARD,7.0,3.0,1,False,True,3,2024,Australian Grand Prix
24,ZHO,43.0,83.827,30.079,18.142,35.606,HARD,8.0,3.0,1,False,True,3,2024,Australian Grand Prix
24,ZHO,44.0,82.147,28.709,18.003,35.435,HARD,9.0,3.0,1,False,True,3,2024,Australian Grand Prix
24,ZHO,45.0,81.609,28.403,18.006,35.2,HARD,10.0,3.0,1,True,True,3,2024,Australian Grand Prix
24,ZHO,46.0,81.663,28.342,17.961,35.36,HARD,11.0,3.0,1,False,True,3,2024,Australian Grand Prix
24,ZHO,47.0,81.776,28.474,18.026,35.276,HARD,12.0,3.0,1,False,True,3,2024,Australian Grand Prix
24,ZHO,48.0,83.135,28.701,18.848,35.586,HARD,13.0,3.0,1,False,True,3,2024,Australian Grand Prix
24,ZHO,49.0,81.327,28.288,17.953,35.086,HARD,14.0,3.0,1,True,True,3,2024,Australian Grand Prix
24,ZHO,50.0,81.831,28.509,18.043,35.279,HARD,15.0,3.0,1,False,True,3,2024,Australian Grand Prix
24,ZHO,51.0,81.83,28.516,18.063,35.251,HARD,16.0,3.0,1,False,True,3,2024,Australian Grand Prix
24,ZHO,52.0,82.06,28.554,18.137,35.369,HARD,17.0,3.0,1,False,True,3,2024,Australian Grand Prix
24,ZHO,53.0,82.184,28.537,18.159,35.488,HARD,18.0,3.0,1,False,True,3,2024,Australian Grand Prix
24,ZHO,54.0,82.067,28.629,18.202,35.236,HARD,19.0,3.0,1,False,True,3,2024,Australian Grand Prix
24,ZHO,55.0,81.798,28.526,18.117,35.155,HARD,20.0,3.0,1,False,True,3,2024,Australian Grand Prix
27,HUL,2.0,84.707,29.987,17.967,36.753,HARD,2.0,1.0,1,True,True,3,2024,Australian Grand Prix
27,HUL,3.0,83.576,29.211,17.961,36.404,HARD,3.0,1.0,1,True,True,3,2024,Australian Grand Prix
27,HUL,4.0,83.731,29.279,17.896,36.556,HARD,4.0,1.0,1,False,True,3,2024,Australian Grand Prix
27,HUL,5.0,84.465,29.917,18.222,36.326,HARD,5.0,1.0,1,False,True,3,2024,Australian Grand Prix
27,HUL,6.0,83.747,29.454,18.156,36.137,HARD,6.0,1.0,1,False,True,3,2024,Australian Grand Prix
27,HUL,7.0,83.868,29.24,18.255,36.373,HARD,7.0,1.0,1,False,True,3,2024,Australian Grand Prix
27,HUL,8.0,83.838,29.28,18.187,36.371,HARD,8.0,1.0,1,False,True,3,2024,Australian Grand Prix
27,HUL,9.0,83.856,29.292,18.189,36.375,HARD,9.0,1.0,1,False,True,3,2024,Australian Grand Prix
27,HUL,10.0,83.777,29.195,18.304,36.278,HARD,10.0,1.0,1,False,True,3,2024,Australian Grand Prix
27,HUL,11.0,85.07,29.3,18.421,37.349,HARD,11.0,1.0,1,False,True,3,2024,Australian Grand Prix
27,HUL,12.0,84.824,30.309,18.181,36.334,HARD,12.0,1.0,1,False,True,3,2024,Australian Grand Prix
27,HUL,13.0,83.953,29.327,18.202,36.424,HARD,13.0,1.0,1,False,True,3,2024,Australian Grand Prix
27,HUL,14.0,83.965,29.364,18.238,36.363,HARD,14.0,1.0,1,False,True,3,2024,Australian Grand Prix
27,HUL,15.0,84.281,29.486,18.313,36.482,HARD,15.0,1.0,1,False,True,3,2024,Australian Grand Prix
27,HUL,16.0,84.025,29.386,18.222,36.417,HARD,16.0,1.0,1,False,True,3,2024,Australian Grand Prix
27,HUL,19.0,82.247,28.72,18.125,35.402,MEDIUM,2.0,2.0,1,True,True,3,2024,Australian Grand Prix
27,HUL,20.0,82.406,28.781,18.139,35.486,MEDIUM,3.0,2.0,1,False,True,3,2024,Australian Grand Prix
27,HUL,21.0,82.479,28.71,18.167,35.602,MEDIUM,4.0,2.0,1,False,True,3,2024,Australian Grand Prix
27,HUL,22.0,82.439,28.793,18.007,35.639,MEDIUM,5.0,2.0,1,False,True,3,2024,Australian Grand Prix
27,HUL,23.0,82.152,28.841,17.743,35.568,MEDIUM,6.0,2.0,1,True,True,3,2024,Australian Grand Prix
27,HUL,24.0,82.528,28.812,18.025,35.691,MEDIUM,7.0,2.0,1,False,True,3,2024,Australian Grand Prix
27,HUL,25.0,82.974,29.021,17.804,36.149,MEDIUM,8.0,2.0,1,False,True,3,2024,Australian Grand Prix
27,HUL,26.0,83.693,29.534,17.873,36.286,MEDIUM,9.0,2.0,1,False,True,3,2024,Australian Grand Prix
27,HUL,27.0,83.385,29.38,17.87,36.135,MEDIUM,10.0,2.0,1,False,True,3,2024,Australian Grand Prix
27,HUL,28.0,83.338,29.038,18.292,36.008,MEDIUM,11.0,2.0,1,False,True,3,2024,Australian Grand Prix
27,HUL,29.0,83.167,29.023,18.157,35.987,MEDIUM,12.0,2.0,1,False,True,3,2024,Australian Grand Prix
27,HUL,30.0,83.299,29.128,18.18,35.991,MEDIUM,13.0,2.0,1,False,True,3,2024,Australian Grand Prix
27,HUL,31.0,83.139,29.15,18.189,35.8,MEDIUM,14.0,2.0,1,False,True,3,2024,Australian Grand Prix
27,HUL,32.0,82.892,29.055,18.114,35.723,MEDIUM,15.0,2.0,1,False,True,3,2024,Australian Grand Prix
27,HUL,33.0,82.91,29.039,18.152,35.719,MEDIUM,16.0,2.0,1,False,True,3,2024,Australian Grand Prix
27,HUL,34.0,83.143,29.043,18.128,35.972,MEDIUM,17.0,2.0,1,False,True,3,2024,Australian Grand Prix
27,HUL,37.0,81.63,28.386,18.027,35.217,HARD,2.0,3.0,1,True,True,3,2024,Australian Grand Prix
27,HUL,38.0,82.025,28.496,18.043,35.486,HARD,3.0,3.0,1,False,True,3,2024,Australian Grand Prix
27,HUL,39.0,81.896,28.419,17.929,35.548,HARD,4.0,3.0,1,False,True,3,2024,Australian Grand Prix
27,HUL,40.0,82.823,28.402,17.87,36.551,HARD,5.0,3.0,1,False,True,3,2024,Australian Grand Prix
27,HUL,41.0,82.016,28.708,17.905,35.403,HARD,6.0,3.0,1,False,True,3,2024,Australian Grand Prix
27,HUL,42.0,82.173,28.542,17.916,35.715,HARD,7.0,3.0,1,False,True,3,2024,Australian Grand Prix
27,HUL,43.0,81.909,28.49,17.946,35.473,HARD,8.0,3.0,1,False,True,3,2024,Australian Grand Prix
27,HUL,44.0,81.73,28.459,17.92,35.351,HARD,9.0,3.0,1,False,True,3,2024,Australian Grand Prix
27,HUL,45.0,81.532,28.385,17.924,35.223,HARD,10.0,3.0,1,True,True,3,2024,Australian Grand Prix
27,HUL,46.0,81.145,28.292,17.801,35.052,HARD,11.0,3.0,1,True,True,3,2024,Australian Grand Prix
27,HUL,47.0,81.629,28.572,17.864,35.193,HARD,12.0,3.0,1,False,True,3,2024,Australian Grand Prix
27,HUL,48.0,81.602,28.463,17.811,35.328,HARD,13.0,3.0,1,False,True,3,2024,Australian Grand Prix
27,HUL,49.0,81.728,28.583,17.833,35.312,HARD,14.0,3.0,1,False,True,3,2024,Australian Grand Prix
27,HUL,50.0,82.102,28.709,17.968,35.425,HARD,15.0,3.0,1,False,True,3,2024,Australian Grand Prix
27,HUL,51.0,81.73,28.585,17.865,35.28,HARD,16.0,3.0,1,False,True,3,2024,Australian Grand Prix
27,HUL,52.0,81.781,28.555,17.936,35.29,HARD,17.0,3.0,1,False,True,3,2024,Australian Grand Prix
27,HUL,53.0,81.758,28.571,17.893,35.294,HARD,18.0,3.0,1,False,True,3,2024,Australian Grand Prix
27,HUL,54.0,82.021,28.618,17.922,35.481,HARD,19.0,3.0,1,False,True,3,2024,Australian Grand Prix
27,HUL,55.0,82.697,28.788,17.981,35.928,HARD,20.0,3.0,1,False,True,3,2024,Australian Grand Prix
27,HUL,56.0,82.274,28.734,18.107,35.433,HARD,21.0,3.0,1,False,True,3,2024,Australian Grand Prix
3,RIC,2.0,84.826,29.987,18.107,36.732,SOFT,2.0,1.0,1,True,True,3,2024,Australian Grand Prix
3,RIC,3.0,83.84,29.486,18.113,36.241,SOFT,3.0,1.0,1,True,True,3,2024,Australian Grand Prix
3,RIC,4.0,84.095,29.291,18.222,36.582,SOFT,4.0,1.0,1,False,True,3,2024,Australian Grand Prix
3,RIC,7.0,84.04,29.836,18.238,35.966,HARD,2.0,2.0,1,False,True,3,2024,Australian Grand Prix
3,RIC,8.0,83.608,29.153,18.481,35.974,HARD,3.0,2.0,1,True,True,3,2024,Australian Grand Prix
3,RIC,9.0,83.491,29.023,18.506,35.962,HARD,4.0,2.0,1,True,True,3,2024,Australian Grand Prix
3,RIC,10.0,83.245,29.012,18.394,35.839,HARD,5.0,2.0,1,True,True,3,2024,Australian Grand Prix
3,RIC,11.0,83.083,28.925,18.291,35.867,HARD,6.0,2.0,1,True,True,3,2024,Australian Grand Prix
3,RIC,12.0,83.058,28.94,18.339,35.779,HARD,7.0,2.0,1,True,True,3,2024,Australian Grand Prix
3,RIC,13.0,82.904,28.856,18.242,35.806,HARD,8.0,2.0,1,True,True,3,2024,Australian Grand Prix
3,RIC,14.0,82.877,28.865,18.292,35.72,HARD,9.0,2.0,1,True,True,3,2024,Australian Grand Prix
3,RIC,15.0,82.83,28.787,18.216,35.827,HARD,10.0,2.0,1,True,True,3,2024,Australian Grand Prix
3,RIC,16.0,83.143,28.844,18.294,36.005,HARD,11.0,2.0,1,False,True,3,2024,Australian Grand Prix
3,RIC,18.0,85.117,31.019,18.099,35.999,HARD,13.0,2.0,1,False,True,3,2024,Australian Grand Prix
3,RIC,19.0,83.024,28.66,18.17,36.194,HARD,14.0,2.0,1,False,True,3,2024,Australian Grand Prix
3,RIC,20.0,83.127,28.883,18.286,35.958,HARD,15.0,2.0,1,False,True,3,2024,Australian Grand Prix
3,RIC,21.0,83.187,28.875,18.32,35.992,HARD,16.0,2.0,1,False,True,3,2024,Australian Grand Prix
3,RIC,22.0,83.105,28.81,18.282,36.013,HARD,17.0,2.0,1,False,True,3,2024,Australian Grand Prix
3,RIC,23.0,83.012,28.748,18.232,36.032,HARD,18.0,2.0,1,False,True,3,2024,Australian Grand Prix
3,RIC,24.0,83.292,28.906,18.214,36.172,HARD,19.0,2.0,1,False,True,3,2024,Australian Grand Prix
3,RIC,25.0,83.547,28.966,18.389,36.192,HARD,20.0,2.0,1,False,True,3,2024,Australian Grand Prix
3,RIC,26.0,83.357,28.941,18.374,36.042,HARD,21.0,2.0,1,False,True,3,2024,Australian Grand Prix
3,RIC,27.0,83.885,29.084,18.357,36.444,HARD,22.0,2.0,1,False,True,3,2024,Australian Grand Prix
3,RIC,28.0,83.863,29.169,18.421,36.273,HARD,23.0,2.0,1,False,True,3,2024,Australian Grand Prix
3,RIC,31.0,82.938,28.84,18.35,35.748,HARD,2.0,3.0,1,False,True,3,2024,Australian Grand Prix
3,RIC,32.0,82.738,28.592,18.387,35.759,HARD,3.0,3.0,1,True,True,3,2024,Australian Grand Prix
3,RIC,33.0,82.443,28.549,18.246,35.648,HARD,4.0,3.0,1,True,True,3,2024,Australian Grand Prix
3,RIC,34.0,82.709,28.674,18.203,35.832,HARD,5.0,3.0,1,False,True,3,2024,Australian Grand Prix
3,RIC,35.0,83.49,29.175,17.917,36.398,HARD,6.0,3.0,1,False,True,3,2024,Australian Grand Prix
3,RIC,36.0,85.131,30.883,18.289,35.959,HARD,7.0,3.0,1,False,True,3,2024,Australian Grand Prix
3,RIC,37.0,82.438,28.605,17.895,35.938,HARD,8.0,3.0,1,True,True,3,2024,Australian Grand Prix
3,RIC,38.0,82.38,28.792,17.749,35.839,HARD,9.0,3.0,1,True,True,3,2024,Australian Grand Prix
3,RIC,39.0,82.172,28.698,18.094,35.38,HARD,10.0,3.0,1,True,True,3,2024,Australian Grand Prix
3,RIC,40.0,81.387,28.28,17.98,35.127,HARD,11.0,3.0,1,True,True,3,2024,Australian Grand Prix
3,RIC,41.0,81.608,28.388,18.093,35.127,HARD,12.0,3.0,1,False,True,3,2024,Australian Grand Prix
3,RIC,42.0,81.888,28.421,18.093,35.374,HARD,13.0,3.0,1,False,True,3,2024,Australian Grand Prix
3,RIC,43.0,81.648,28.395,18.129,35.124,HARD,14.0,3.0,1,False,True,3,2024,Australian Grand Prix
3,RIC,44.0,81.313,28.202,18.024,35.087,HARD,15.0,3.0,1,True,True,3,2024,Australian Grand Prix
3,RIC,45.0,81.33,28.362,18.034,34.934,HARD,16.0,3.0,1,False,True,3,2024,Australian Grand Prix
3,RIC,46.0,81.239,28.318,18.046,34.875,HARD,17.0,3.0,1,True,True,3,2024,Australian Grand Prix
3,RIC,47.0,81.3,28.35,18.044,34.906,HARD,18.0,3.0,1,False,True,3,2024,Australian Grand Prix
3,RIC,48.0,81.492,28.441,18.008,35.043,HARD,19.0,3.0,1,False,True,3,2024,Australian Grand Prix
3,RIC,49.0,81.606,28.441,18.039,35.126,HARD,20.0,3.0,1,False,True,3,2024,Australian Grand Prix
3,RIC,50.0,81.782,28.525,18.038,35.219,HARD,21.0,3.0,1,False,True,3,2024,Australian Grand Prix
3,RIC,51.0,81.769,28.534,18.066,35.169,HARD,22.0,3.0,1,False,True,3,2024,Australian Grand Prix
3,RIC,52.0,81.884,28.406,18.086,35.392,HARD,23.0,3.0,1,False,True,3,2024,Australian Grand Prix
3,RIC,53.0,84.232,28.574,18.108,37.55,HARD,24.0,3.0,1,False,True,3,2024,Australian Grand Prix
3,RIC,54.0,82.568,28.907,18.176,35.485,HARD,25.0,3.0,1,False,True,3,2024,Australian Grand Prix
3,RIC,55.0,83.611,28.647,18.849,36.115,HARD,26.0,3.0,1,False,True,3,2024,Australian Grand Prix
3,RIC,56.0,83.839,30.316,18.061,35.462,HARD,27.0,3.0,12,False,True,3,2024,Australian Grand Prix
31,OCO,2.0,84.68,30.049,18.139,36.492,MEDIUM,2.0,1.0,1,True,True,3,2024,Australian Grand Prix
31,OCO,3.0,83.577,29.145,18.189,36.243,MEDIUM,3.0,1.0,1,True,True,3,2024,Australian Grand Prix
31,OCO,4.0,83.574,29.067,18.211,36.296,MEDIUM,4.0,1.0,1,True,True,3,2024,Australian Grand Prix
31,OCO,5.0,83.784,29.26,18.166,36.358,MEDIUM,5.0,1.0,1,False,True,3,2024,Australian Grand Prix
31,OCO,6.0,83.841,29.312,18.144,36.385,MEDIUM,6.0,1.0,1,False,True,3,2024,Australian Grand Prix
31,OCO,7.0,83.198,29.006,18.045,36.147,MEDIUM,7.0,1.0,1,True,True,3,2024,Australian Grand Prix
31,OCO,8.0,82.98,28.72,18.308,35.952,MEDIUM,8.0,1.0,1,True,True,3,2024,Australian Grand Prix
31,OCO,11.0,83.339,29.052,18.138,36.149,HARD,2.0,2.0,1,False,True,3,2024,Australian Grand Prix
31,OCO,12.0,82.882,29.059,18.017,35.806,HARD,3.0,2.0,1,True,True,3,2024,Australian Grand Prix
31,OCO,13.0,82.956,29.0,17.95,36.006,HARD,4.0,2.0,1,False,True,3,2024,Australian Grand Prix
31,OCO,14.0,83.119,29.032,17.992,36.095,HARD,5.0,2.0,1,False,True,3,2024,Australian Grand Prix
31,OCO,15.0,83.091,28.883,18.132,36.076,HARD,6.0,2.0,1,False,True,3,2024,Australian Grand Prix
31,OCO,18.0,82.587,28.802,18.118,35.667,HARD,2.0,3.0,1,True,True,3,2024,Australian Grand Prix
31,OCO,19.0,82.88,28.874,17.974,36.032,HARD,3.0,3.0,1,False,True,3,2024,Australian Grand Prix
31,OCO,20.0,82.814,28.867,18.0,35.947,HARD,4.0,3.0,1,False,True,3,2024,Australian Grand Prix
31,OCO,21.0,82.663,28.765,18.216,35.682,HARD,5.0,3.0,1,False,True,3,2024,Australian Grand Prix
31,OCO,22.0,82.803,28.775,18.267,35.761,HARD,6.0,3.0,1,False,True,3,2024,Australian Grand Prix
31,OCO,23.0,82.713,28.865,18.181,35.667,HARD,7.0,3.0,1,False,True,3,2024,Australian Grand Prix
31,OCO,24.0,82.759,28.786,18.173,35.8,HARD,8.0,3.0,1,False,True,3,2024,Australian Grand Prix
31,OCO,25.0,82.797,28.949,18.161,35.687,HARD,9.0,3.0,1,False,True,3,2024,Australian Grand Prix
31,OCO,26.0,82.892,28.887,18.25,35.755,HARD,10.0,3.0,1,False,True,3,2024,Australian Grand Prix
31,OCO,27.0,82.901,28.822,18.263,35.816,HARD,11.0,3.0,1,False,True,3,2024,Australian Grand Prix
31,OCO,28.0,83.108,29.033,18.242,35.833,HARD,12.0,3.0,1,False,True,3,2024,Australian Grand Prix
31,OCO,29.0,83.117,29.026,18.2,35.891,HARD,13.0,3.0,1,False,True,3,2024,Australian Grand Prix
31,OCO,30.0,83.04,28.846,18.294,35.9,HARD,14.0,3.0,1,False,True,3,2024,Australian Grand Prix
31,OCO,31.0,82.921,28.916,18.218,35.787,HARD,15.0,3.0,1,False,True,3,2024,Australian Grand Prix
31,OCO,32.0,82.909,28.954,18.2,35.755,HARD,16.0,3.0,1,False,True,3,2024,Australian Grand Prix
31,OCO,33.0,82.996,28.88,18.21,35.906,HARD,17.0,3.0,1,False,True,3,2024,Australian Grand Prix
31,OCO,34.0,85.483,29.603,18.022,37.858,HARD,18.0,3.0,1,False,True,3,2024,Australian Grand Prix
31,OCO,35.0,83.239,29.09,17.942,36.207,HARD,19.0,3.0,1,False,True,3,2024,Australian Grand Prix
31,OCO,36.0,84.94,29.138,17.984,37.818,HARD,20.0,3.0,1,False,True,3,2024,Australian Grand Prix
31,OCO,37.0,82.834,28.899,18.227,35.708,HARD,21.0,3.0,1,False,True,3,2024,Australian Grand Prix
31,OCO,38.0,83.627,28.734,18.147,36.746,HARD,22.0,3.0,1,False,True,3,2024,Australian Grand Prix
31,OCO,39.0,82.706,28.807,17.857,36.042,HARD,23.0,3.0,1,False,True,3,2024,Australian Grand Prix
31,OCO,40.0,82.989,28.867,18.166,35.956,HARD,24.0,3.0,1,False,True,3,2024,Australian Grand Prix
31,OCO,41.0,83.162,28.965,18.145,36.052,HARD,25.0,3.0,1,False,True,3,2024,Australian Grand Prix
31,OCO,44.0,81.597,28.464,18.066,35.067,HARD,9.0,4.0,1,True,True,3,2024,Australian Grand Prix
31,OCO,45.0,81.354,28.306,18.045,35.003,HARD,10.0,4.0,1,True,True,3,2024,Australian Grand Prix
31,OCO,46.0,83.041,28.332,18.035,36.674,HARD,11.0,4.0,1,False,True,3,2024,Australian Grand Prix
31,OCO,47.0,81.464,28.349,17.961,35.154,HARD,12.0,4.0,1,False,True,3,2024,Australian Grand Prix
31,OCO,48.0,81.549,28.342,17.956,35.251,HARD,13.0,4.0,1,False,True,3,2024,Australian Grand Prix
31,OCO,49.0,81.678,28.478,18.074,35.126,HARD,14.0,4.0,1,False,True,3,2024,Australian Grand Prix
31,OCO,50.0,81.633,28.521,17.917,35.195,HARD,15.0,4.0,1,False,True,3,2024,Australian Grand Prix
31,OCO,51.0,81.951,28.499,18.024,35.428,HARD,16.0,4.0,1,False,True,3,2024,Australian Grand Prix
31,OCO,52.0,82.155,28.631,18.008,35.516,HARD,17.0,4.0,1,False,True,3,2024,Australian Grand Prix
31,OCO,53.0,82.207,28.556,18.036,35.615,HARD,18.0,4.0,1,False,True,3,2024,Australian Grand Prix
31,OCO,54.0,82.229,28.646,18.1,35.483,HARD,19.0,4.0,1,False,True,3,2024,Australian Grand Prix
31,OCO,55.0,82.304,28.627,18.124,35.553,HARD,20.0,4.0,1,False,True,3,2024,Australian Grand Prix
4,NOR,2.0,83.183,28.814,18.319,36.05,MEDIUM,2.0,1.0,1,True,True,3,2024,Australian Grand Prix
4,NOR,3.0,82.656,28.75,18.204,35.702,MEDIUM,3.0,1.0,1,True,True,3,2024,Australian Grand Prix
4,NOR,4.0,82.609,28.749,18.059,35.801,MEDIUM,4.0,1.0,1,True,True,3,2024,Australian Grand Prix
4,NOR,5.0,82.685,28.74,18.302,35.643,MEDIUM,5.0,1.0,1,False,True,3,2024,Australian Grand Prix
4,NOR,6.0,82.632,28.717,18.248,35.667,MEDIUM,6.0,1.0,1,False,True,3,2024,Australian Grand Prix
4,NOR,7.0,82.744,28.881,18.232,35.631,MEDIUM,7.0,1.0,1,False,True,3,2024,Australian Grand Prix
4,NOR,8.0,82.63,28.705,18.245,35.68,MEDIUM,8.0,1.0,1,False,True,3,2024,Australian Grand Prix
4,NOR,9.0,82.727,28.832,18.238,35.657,MEDIUM,9.0,1.0,1,False,True,3,2024,Australian Grand Prix
4,NOR,10.0,82.695,28.756,18.235,35.704,MEDIUM,10.0,1.0,1,False,True,3,2024,Australian Grand Prix
4,NOR,11.0,82.936,28.88,18.277,35.779,MEDIUM,11.0,1.0,1,False,True,3,2024,Australian Grand Prix
4,NOR,12.0,82.814,28.783,18.242,35.789,MEDIUM,12.0,1.0,1,False,True,3,2024,Australian Grand Prix
4,NOR,13.0,83.153,29.105,18.251,35.797,MEDIUM,13.0,1.0,1,False,True,3,2024,Australian Grand Prix
4,NOR,16.0,81.936,28.534,18.177,35.225,HARD,3.0,2.0,1,True,True,3,2024,Australian Grand Prix
4,NOR,19.0,82.356,29.03,18.133,35.193,HARD,6.0,2.0,1,False,True,3,2024,Australian Grand Prix
4,NOR,20.0,81.642,28.355,18.023,35.264,HARD,7.0,2.0,1,True,True,3,2024,Australian Grand Prix
4,NOR,21.0,81.907,28.385,18.033,35.489,HARD,8.0,2.0,1,False,True,3,2024,Australian Grand Prix
4,NOR,22.0,81.749,28.441,18.106,35.202,HARD,9.0,2.0,1,False,True,3,2024,Australian Grand Prix
4,NOR,23.0,81.745,28.381,17.98,35.384,HARD,10.0,2.0,1,False,True,3,2024,Australian Grand Prix
4,NOR,24.0,81.562,28.376,17.989,35.197,HARD,11.0,2.0,1,True,True,3,2024,Australian Grand Prix
4,NOR,25.0,81.713,28.517,17.95,35.246,HARD,12.0,2.0,1,False,True,3,2024,Australian Grand Prix
4,NOR,26.0,81.611,28.398,17.959,35.254,HARD,13.0,2.0,1,False,True,3,2024,Australian Grand Prix
4,NOR,27.0,81.976,28.523,18.045,35.408,HARD,14.0,2.0,1,False,True,3,2024,Australian Grand Prix
4,NOR,28.0,81.837,28.562,18.04,35.235,HARD,15.0,2.0,1,False,True,3,2024,Australian Grand Prix
4,NOR,29.0,81.864,28.483,18.029,35.352,HARD,16.0,2.0,1,False,True,3,2024,Australian Grand Prix
4,NOR,30.0,81.982,28.568,18.058,35.356,HARD,17.0,2.0,1,False,True,3,2024,Australian Grand Prix
4,NOR,31.0,81.848,28.565,17.981,35.302,HARD,18.0,2.0,1,False,True,3,2024,Australian Grand Prix
4,NOR,32.0,81.574,28.394,18.012,35.168,HARD,19.0,2.0,1,False,True,3,2024,Australian Grand Prix
4,NOR,33.0,81.692,28.57,18.002,35.12,HARD,20.0,2.0,1,False,True,3,2024,Australian Grand Prix
4,NOR,34.0,81.769,28.421,18.062,35.286,HARD,21.0,2.0,1,False,True,3,2024,Australian Grand Prix
4,NOR,35.0,81.51,28.479,18.089,34.942,HARD,22.0,2.0,1,True,True,3,2024,Australian Grand Prix
4,NOR,36.0,81.446,28.511,17.999,34.936,HARD,23.0,2.0,1,True,True,3,2024,Australian Grand Prix
4,NOR,37.0,81.662,28.425,17.983,35.254,HARD,24.0,2.0,1,False,True,3,2024,Australian Grand Prix
4,NOR,38.0,81.518,28.457,17.95,35.111,HARD,25.0,2.0,1,False,True,3,2024,Australian Grand Prix
4,NOR,39.0,81.901,28.746,17.982,35.173,HARD,26.0,2.0,1,False,True,3,2024,Australian Grand Prix
4,NOR,42.0,81.025,28.317,17.944,34.764,HARD,3.0,3.0,1,True,True,3,2024,Australian Grand Prix
4,NOR,43.0,80.652,28.003,17.82,34.829,HARD,4.0,3.0,1,True,True,3,2024,Australian Grand Prix
4,NOR,44.0,80.613,28.003,17.82,34.79,HARD,5.0,3.0,1,True,True,3,2024,Australian Grand Prix
4,NOR,45.0,80.62,28.171,17.82,34.629,HARD,6.0,3.0,1,False,True,3,2024,Australian Grand Prix
4,NOR,46.0,79.971,27.633,17.752,34.586,HARD,7.0,3.0,1,True,True,3,2024,Australian Grand Prix
4,NOR,47.0,80.188,27.953,17.79,34.445,HARD,8.0,3.0,1,False,True,3,2024,Australian Grand Prix
4,NOR,48.0,80.26,27.979,17.763,34.518,HARD,9.0,3.0,1,False,True,3,2024,Australian Grand Prix
4,NOR,49.0,79.915,27.883,17.762,34.27,HARD,10.0,3.0,1,True,True,3,2024,Australian Grand Prix
4,NOR,50.0,80.151,27.914,17.768,34.469,HARD,11.0,3.0,1,False,True,3,2024,Australian Grand Prix
4,NOR,51.0,80.261,27.985,17.769,34.507,HARD,12.0,3.0,1,False,True,3,2024,Australian Grand Prix
4,NOR,52.0,79.959,27.971,17.717,34.271,HARD,13.0,3.0,1,False,True,3,2024,Australian Grand Prix
4,NOR,53.0,80.267,27.968,17.81,34.489,HARD,14.0,3.0,1,False,True,3,2024,Australian Grand Prix
4,NOR,54.0,80.107,27.907,17.75,34.45,HARD,15.0,3.0,1,False,True,3,2024,Australian Grand Prix
4,NOR,55.0,80.294,28.045,17.782,34.467,HARD,16.0,3.0,1,False,True,3,2024,Australian Grand Prix
4,NOR,56.0,80.481,28.074,17.779,34.628,HARD,17.0,3.0,1,False,True,3,2024,Australian Grand Prix
4,NOR,57.0,80.571,28.153,17.81,34.608,HARD,18.0,3.0,12,False,True,3,2024,Australian Grand Prix
44,HAM,2.0,84.055,29.971,18.028,36.056,SOFT,2.0,1.0,1,True,True,3,2024,Australian Grand Prix
44,HAM,3.0,83.07,29.083,18.05,35.937,SOFT,3.0,1.0,1,True,True,3,2024,Australian Grand Prix
44,HAM,4.0,83.436,29.088,18.015,36.333,SOFT,4.0,1.0,1,False,True,3,2024,Australian Grand Prix
44,HAM,5.0,83.556,28.93,18.561,36.065,SOFT,5.0,1.0,1,False,True,3,2024,Australian Grand Prix
44,HAM,6.0,83.165,29.165,18.154,35.846,SOFT,6.0,1.0,1,False,True,3,2024,Australian Grand Prix
44,HAM,9.0,82.555,28.842,17.977,35.736,HARD,2.0,2.0,1,True,True,3,2024,Australian Grand Prix
44,HAM,10.0,84.295,30.157,18.345,35.793,HARD,3.0,2.0,1,False,True,3,2024,Australian Grand Prix
44,HAM,11.0,82.444,28.718,18.168,35.558,HARD,4.0,2.0,1,True,True,3,2024,Australian Grand Prix
44,HAM,12.0,83.041,29.006,18.193,35.842,HARD,5.0,2.0,1,False,True,3,2024,Australian Grand Prix
44,HAM,13.0,83.246,28.911,18.146,36.189,HARD,6.0,2.0,1,False,True,3,2024,Australian Grand Prix
44,HAM,14.0,82.712,28.876,18.088,35.748,HARD,7.0,2.0,1,False,True,3,2024,Australian Grand Prix
44,HAM,15.0,84.141,29.861,17.993,36.287,HARD,8.0,2.0,1,False,True,3,2024,Australian Grand Prix
55,SAI,2.0,82.6,29.006,18.026,35.568,MEDIUM,2.0,1.0,1,True,True,3,2024,Australian Grand Prix
55,SAI,3.0,83.006,29.002,18.548,35.456,MEDIUM,3.0,1.0,1,False,True,3,2024,Australian Grand Prix
55,SAI,4.0,82.433,28.643,18.497,35.293,MEDIUM,4.0,1.0,1,True,True,3,2024,Australian Grand Prix
55,SAI,5.0,82.629,28.705,18.504,35.42,MEDIUM,5.0,1.0,1,False,True,3,2024,Australian Grand Prix
55,SAI,6.0,82.572,28.648,18.453,35.471,MEDIUM,6.0,1.0,1,False,True,3,2024,Australian Grand Prix
55,SAI,7.0,82.434,28.67,18.462,35.302,MEDIUM,7.0,1.0,1,False,True,3,2024,Australian Grand Prix
55,SAI,8.0,82.303,28.562,18.397,35.344,MEDIUM,8.0,1.0,1,True,True,3,2024,Australian Grand Prix
55,SAI,9.0,82.025,28.594,18.29,35.141,MEDIUM,9.0,1.0,1,True,True,3,2024,Australian Grand Prix
55,SAI,10.0,81.715,28.426,18.281,35.008,MEDIUM,10.0,1.0,1,True,True,3,2024,Australian Grand Prix
55,SAI,11.0,81.938,28.46,18.272,35.206,MEDIUM,11.0,1.0,1,False,True,3,2024,Australian Grand Prix
55,SAI,12.0,82.175,28.592,18.284,35.299,MEDIUM,12.0,1.0,1,False,True,3,2024,Australian Grand Prix
55,SAI,13.0,82.205,28.595,18.317,35.293,MEDIUM,13.0,1.0,1,False,True,3,2024,Australian Grand Prix
55,SAI,14.0,82.487,28.815,18.261,35.411,MEDIUM,14.0,1.0,1,False,True,3,2024,Australian Grand Prix
55,SAI,15.0,82.62,28.688,18.274,35.658,MEDIUM,15.0,1.0,1,False,True,3,2024,Australian Grand Prix
55,SAI,19.0,81.811,28.284,18.342,35.185,HARD,3.0,2.0,1,False,True,3,2024,Australian Grand Prix
55,SAI,20.0,81.602,28.321,18.274,35.007,HARD,4.0,2.0,1,True,True,3,2024,Australian Grand Prix
55,SAI,21.0,81.931,28.376,18.292,35.263,HARD,5.0,2.0,1,False,True,3,2024,Australian Grand Prix
55,SAI,22.0,81.471,28.277,18.216,34.978,HARD,6.0,2.0,1,True,True,3,2024,Australian Grand Prix
55,SAI,23.0,81.531,28.345,18.162,35.024,HARD,7.0,2.0,1,False,True,3,2024,Australian Grand Prix
55,SAI,24.0,81.458,28.329,18.173,34.956,HARD,8.0,2.0,1,True,True,3,2024,Australian Grand Prix
55,SAI,25.0,81.243,28.229,18.081,34.933,HARD,9.0,2.0,1,True,True,3,2024,Australian Grand Prix
55,SAI,26.0,81.078,28.144,18.086,34.848,HARD,10.0,2.0,1,True,True,3,2024,Australian Grand Prix
55,SAI,27.0,81.457,28.388,18.153,34.916,HARD,11.0,2.0,1,False,True,3,2024,Australian Grand Prix
55,SAI,28.0,81.44,28.279,18.153,35.008,HARD,12.0,2.0,1,False,True,3,2024,Australian Grand Prix
55,SAI,29.0,81.489,28.336,18.131,35.022,HARD,13.0,2.0,1,False,True,3,2024,Australian Grand Prix
55,SAI,30.0,81.623,28.468,18.196,34.959,HARD,14.0,2.0,1,False,True,3,2024,Australian Grand Prix
55,SAI,31.0,81.282,28.215,18.059,35.008,HARD,15.0,2.0,1,False,True,3,2024,Australian Grand Prix
55,SAI,32.0,81.205,28.209,18.107,34.889,HARD,16.0,2.0,1,False,True,3,2024,Australian Grand Prix
55,SAI,33.0,81.495,28.398,18.086,35.011,HARD,17.0,2.0,1,False,True,3,2024,Australian Grand Prix
55,SAI,34.0,81.717,28.512,18.103,35.102,HARD,18.0,2.0,1,False,True,3,2024,Australian Grand Prix
55,SAI,35.0,81.721,28.432,18.105,35.184,HARD,19.0,2.0,1,False,True,3,2024,Australian Grand Prix
55,SAI,36.0,82.018,28.557,18.086,35.375,HARD,20.0,2.0,1,False,True,3,2024,Australian Grand Prix
55,SAI,37.0,81.971,28.542,18.047,35.382,HARD,21.0,2.0,1,False,True,3,2024,Australian Grand Prix
55,SAI,38.0,81.412,28.38,18.048,34.984,HARD,22.0,2.0,1,False,True,3,2024,Australian Grand Prix
55,SAI,39.0,81.554,28.367,18.153,35.034,HARD,23.0,2.0,1,False,True,3,2024,Australian Grand Prix
55,SAI,40.0,81.443,28.4,18.024,35.019,HARD,24.0,2.0,1,False,True,3,2024,Australian Grand Prix
55,SAI,43.0,80.73,27.993,18.04,34.697,HARD,2.0,3.0,1,True,True,3,2024,Australian Grand Prix
55,SAI,44.0,80.767,28.014,18.073,34.68,HARD,3.0,3.0,1,False,True,3,2024,Australian Grand Prix
55,SAI,45.0,80.223,27.853,17.961,34.409,HARD,4.0,3.0,1,True,True,3,2024,Australian Grand Prix
55,SAI,46.0,80.374,27.945,17.998,34.431,HARD,5.0,3.0,1,False,True,3,2024,Australian Grand Prix
55,SAI,47.0,80.203,27.87,17.958,34.375,HARD,6.0,3.0,1,True,True,3,2024,Australian Grand Prix
55,SAI,48.0,80.031,27.935,17.884,34.212,HARD,7.0,3.0,1,True,True,3,2024,Australian Grand Prix
55,SAI,49.0,80.281,28.046,17.897,34.338,HARD,8.0,3.0,1,False,True,3,2024,Australian Grand Prix
55,SAI,50.0,80.45,28.157,17.919,34.374,HARD,9.0,3.0,1,False,True,3,2024,Australian Grand Prix
55,SAI,51.0,80.083,27.905,17.821,34.357,HARD,10.0,3.0,1,False,True,3,2024,Australian Grand Prix
55,SAI,52.0,80.209,27.963,17.912,34.334,HARD,11.0,3.0,1,False,True,3,2024,Australian Grand Prix
55,SAI,53.0,80.615,27.962,17.926,34.727,HARD,12.0,3.0,1,False,True,3,2024,Australian Grand Prix
55,SAI,54.0,80.582,28.193,17.922,34.467,HARD,13.0,3.0,1,False,True,3,2024,Australian Grand Prix
55,SAI,55.0,80.753,28.132,17.897,34.724,HARD,14.0,3.0,1,False,True,3,2024,Australian Grand Prix
55,SAI,56.0,81.098,28.091,18.0,35.007,HARD,15.0,3.0,1,False,True,3,2024,Australian Grand Prix
55,SAI,57.0,80.882,28.011,18.062,34.809,HARD,16.0,3.0,1,False,True,3,2024,Australian Grand Prix
63,RUS,2.0,83.347,29.07,18.099,36.178,MEDIUM,2.0,1.0,1,True,True,3,2024,Australian Grand Prix
63,RUS,3.0,83.037,28.745,18.137,36.155,MEDIUM,3.0,1.0,1,True,True,3,2024,Australian Grand Prix
63,RUS,4.0,83.571,28.894,18.318,36.359,MEDIUM,4.0,1.0,1,False,True,3,2024,Australian Grand Prix
63,RUS,5.0,83.172,28.763,18.297,36.112,MEDIUM,5.0,1.0,1,False,True,3,2024,Australian Grand Prix
63,RUS,6.0,83.119,28.725,18.354,36.04,MEDIUM,6.0,1.0,1,False,True,3,2024,Australian Grand Prix
63,RUS,7.0,82.764,28.797,18.279,35.688,MEDIUM,7.0,1.0,1,True,True,3,2024,Australian Grand Prix
63,RUS,10.0,82.737,28.814,18.308,35.615,HARD,2.0,2.0,1,True,True,3,2024,Australian Grand Prix
63,RUS,11.0,82.716,28.731,18.303,35.682,HARD,3.0,2.0,1,True,True,3,2024,Australian Grand Prix
63,RUS,12.0,83.022,28.851,18.243,35.928,HARD,4.0,2.0,1,False,True,3,2024,Australian Grand Prix
63,RUS,13.0,83.438,28.946,18.222,36.27,HARD,5.0,2.0,1,False,True,3,2024,Australian Grand Prix
63,RUS,14.0,83.39,29.168,17.923,36.299,HARD,6.0,2.0,1,False,True,3,2024,Australian Grand Prix
63,RUS,15.0,84.086,29.392,18.14,36.554,HARD,7.0,2.0,1,False,True,3,2024,Australian Grand Prix
63,RUS,16.0,83.366,28.959,17.999,36.408,HARD,8.0,2.0,1,False,True,3,2024,Australian Grand Prix
63,RUS,19.0,82.4,28.473,18.213,35.714,HARD,11.0,2.0,1,True,True,3,2024,Australian Grand Prix
63,RUS,20.0,82.434,28.564,18.253,35.617,HARD,12.0,2.0,1,False,True,3,2024,Australian Grand Prix
63,RUS,21.0,83.429,28.421,18.16,36.848,HARD,13.0,2.0,1,False,True,3,2024,Australian Grand Prix
63,RUS,22.0,82.838,28.819,18.206,35.813,HARD,14.0,2.0,1,False,True,3,2024,Australian Grand Prix
63,RUS,23.0,83.012,28.852,18.2,35.96,HARD,15.0,2.0,1,False,True,3,2024,Australian Grand Prix
63,RUS,24.0,82.942,28.776,18.226,35.94,HARD,16.0,2.0,1,False,True,3,2024,Australian Grand Prix
63,RUS,25.0,82.703,28.6,18.194,35.909,HARD,17.0,2.0,1,False,True,3,2024,Australian Grand Prix
63,RUS,26.0,82.885,28.744,18.305,35.836,HARD,18.0,2.0,1,False,True,3,2024,Australian Grand Prix
63,RUS,27.0,83.138,28.879,18.293,35.966,HARD,19.0,2.0,1,False,True,3,2024,Australian Grand Prix
63,RUS,28.0,83.096,28.885,18.342,35.869,HARD,20.0,2.0,1,False,True,3,2024,Australian Grand Prix
63,RUS,29.0,82.663,28.822,18.238,35.603,HARD,21.0,2.0,1,False,True,3,2024,Australian Grand Prix
63,RUS,30.0,82.663,28.614,18.224,35.825,HARD,22.0,2.0,1,False,True,3,2024,Australian Grand Prix
63,RUS,31.0,82.515,28.718,18.249,35.548,HARD,23.0,2.0,1,False,True,3,2024,Australian Grand Prix
63,RUS,32.0,82.71,28.773,18.307,35.63,HARD,24.0,2.0,1,False,True,3,2024,Australian Grand Prix
63,RUS,33.0,82.461,28.591,18.249,35.621,HARD,25.0,2.0,1,False,True,3,2024,Australian Grand Prix
63,RUS,34.0,82.353,28.601,18.21,35.542,HARD,26.0,2.0,1,True,True,3,2024,Australian Grand Prix
63,RUS,35.0,82.591,28.764,18.197,35.63,HARD,27.0,2.0,1,False,True,3,2024,Australian Grand Prix
63,RUS,36.0,82.537,28.607,18.165,35.765,HARD,28.0,2.0,1,False,True,3,2024,Australian Grand Prix
63,RUS,37.0,82.408,28.51,18.147,35.751,HARD,29.0,2.0,1,False,True,3,2024,Australian Grand Prix
63,RUS,38.0,82.175,28.493,18.082,35.6,HARD,30.0,2.0,1,True,True,3,2024,Australian Grand Prix
63,RUS,39.0,82.167,28.472,18.104,35.591,HARD,31.0,2.0,1,True,True,3,2024,Australian Grand Prix
63,RUS,40.0,82.473,28.756,18.009,35.708,HARD,32.0,2.0,1,False,True,3,2024,Australian Grand Prix
63,RUS,41.0,82.319,28.561,17.981,35.777,HARD,33.0,2.0,1,False,True,3,2024,Australian Grand Prix
63,RUS,42.0,82.257,28.651,18.023,35.583,HARD,34.0,2.0,1,False,True,3,2024,Australian Grand Prix
63,RUS,43.0,82.111,28.479,18.027,35.605,HARD,35.0,2.0,1,True,True,3,2024,Australian Grand Prix
63,RUS,44.0,82.097,28.459,18.06,35.578,HARD,36.0,2.0,1,True,True,3,2024,Australian Grand Prix
63,RUS,47.0,80.326,27.721,17.919,34.686,HARD,2.0,3.0,1,True,True,3,2024,Australian Grand Prix
63,RUS,48.0,80.739,27.983,17.916,34.84,HARD,3.0,3.0,1,False,True,3,2024,Australian Grand Prix
63,RUS,49.0,80.808,27.856,17.993,34.959,HARD,4.0,3.0,1,False,True,3,2024,Australian Grand Prix
63,RUS,50.0,80.982,28.097,17.951,34.934,HARD,5.0,3.0,1,False,True,3,2024,Australian Grand Prix
63,RUS,51.0,80.695,27.913,17.919,34.863,HARD,6.0,3.0,1,False,True,3,2024,Australian Grand Prix
63,RUS,52.0,80.529,27.848,17.927,34.754,HARD,7.0,3.0,1,False,True,3,2024,Australian Grand Prix
63,RUS,53.0,80.284,27.824,17.716,34.744,HARD,8.0,3.0,1,True,True,3,2024,Australian Grand Prix
63,RUS,54.0,81.194,28.025,17.764,35.405,HARD,9.0,3.0,1,False,True,3,2024,Australian Grand Prix
63,RUS,55.0,80.791,28.079,17.783,34.929,HARD,10.0,3.0,1,False,True,3,2024,Australian Grand Prix
63,RUS,56.0,80.655,27.884,17.61,35.161,HARD,11.0,3.0,1,False,True,3,2024,Australian Grand Prix
77,BOT,2.0,84.344,29.948,18.32,36.076,MEDIUM,3.0,1.0,1,True,True,3,2024,Australian Grand Prix
77,BOT,3.0,83.272,29.099,18.153,36.02,MEDIUM,4.0,1.0,1,True,True,3,2024,Australian Grand Prix
77,BOT,4.0,83.705,29.226,18.314,36.165,MEDIUM,5.0,1.0,1,False,True,3,2024,Australian Grand Prix
77,BOT,5.0,83.56,29.365,18.397,35.798,MEDIUM,6.0,1.0,1,False,True,3,2024,Australian Grand Prix
77,BOT,6.0,83.122,29.091,18.07,35.961,MEDIUM,7.0,1.0,1,True,True,3,2024,Australian Grand Prix
77,BOT,7.0,83.738,29.154,18.416,36.168,MEDIUM,8.0,1.0,1,False,True,3,2024,Australian Grand Prix
77,BOT,10.0,83.161,28.85,18.575,35.736,HARD,3.0,2.0,1,False,True,3,2024,Australian Grand Prix
77,BOT,11.0,83.44,28.853,18.677,35.91,HARD,4.0,2.0,1,False,True,3,2024,Australian Grand Prix
77,BOT,12.0,82.976,28.889,18.482,35.605,HARD,5.0,2.0,1,True,True,3,2024,Australian Grand Prix
77,BOT,13.0,83.159,28.879,18.418,35.862,HARD,6.0,2.0,1,False,True,3,2024,Australian Grand Prix
77,BOT,14.0,83.395,29.007,18.558,35.83,HARD,7.0,2.0,1,False,True,3,2024,Australian Grand Prix
77,BOT,15.0,83.329,28.83,18.473,36.026,HARD,8.0,2.0,1,False,True,3,2024,Australian Grand Prix
77,BOT,18.0,82.609,28.692,18.311,35.606,HARD,11.0,2.0,1,True,True,3,2024,Australian Grand Prix
77,BOT,19.0,82.597,28.561,18.349,35.687,HARD,12.0,2.0,1,True,True,3,2024,Australian Grand Prix
77,BOT,20.0,82.694,28.723,18.441,35.53,HARD,13.0,2.0,1,False,True,3,2024,Australian Grand Prix
77,BOT,21.0,82.439,28.649,18.32,35.47,HARD,14.0,2.0,1,True,True,3,2024,Australian Grand Prix
77,BOT,22.0,82.722,28.696,18.373,35.653,HARD,15.0,2.0,1,False,True,3,2024,Australian Grand Prix
77,BOT,23.0,82.34,28.619,18.29,35.431,HARD,16.0,2.0,1,True,True,3,2024,Australian Grand Prix
77,BOT,24.0,82.91,28.931,18.349,35.63,HARD,17.0,2.0,1,False,True,3,2024,Australian Grand Prix
77,BOT,25.0,82.551,28.758,18.28,35.513,HARD,18.0,2.0,1,False,True,3,2024,Australian Grand Prix
77,BOT,26.0,83.067,28.904,18.384,35.779,HARD,19.0,2.0,1,False,True,3,2024,Australian Grand Prix
77,BOT,27.0,82.934,28.816,18.434,35.684,HARD,20.0,2.0,1,False,True,3,2024,Australian Grand Prix
77,BOT,28.0,82.948,28.842,18.393,35.713,HARD,21.0,2.0,1,False,True,3,2024,Australian Grand Prix
77,BOT,29.0,82.835,28.797,18.325,35.713,HARD,22.0,2.0,1,False,True,3,2024,Australian Grand Prix
77,BOT,30.0,82.998,28.746,18.429,35.823,HARD,23.0,2.0,1,False,True,3,2024,Australian Grand Prix
77,BOT,31.0,83.01,28.842,18.5,35.668,HARD,24.0,2.0,1,False,True,3,2024,Australian Grand Prix
77,BOT,32.0,82.897,28.941,18.313,35.643,HARD,25.0,2.0,1,False,True,3,2024,Australian Grand Prix
77,BOT,33.0,82.851,28.88,18.328,35.643,HARD,26.0,2.0,1,False,True,3,2024,Australian Grand Prix
77,BOT,34.0,86.453,31.308,18.233,36.912,HARD,27.0,2.0,1,False,True,3,2024,Australian Grand Prix
77,BOT,35.0,83.446,29.157,18.464,35.825,HARD,28.0,2.0,1,False,True,3,2024,Australian Grand Prix
77,BOT,38.0,81.755,28.421,18.251,35.083,HARD,2.0,3.0,1,True,True,3,2024,Australian Grand Prix
77,BOT,39.0,81.646,28.382,18.3,34.964,HARD,3.0,3.0,1,True,True,3,2024,Australian Grand Prix
77,BOT,40.0,81.533,28.298,18.215,35.02,HARD,4.0,3.0,1,True,True,3,2024,Australian Grand Prix
77,BOT,41.0,82.008,28.575,18.187,35.246,HARD,5.0,3.0,1,False,True,3,2024,Australian Grand Prix
77,BOT,42.0,85.18,30.103,18.136,36.941,HARD,6.0,3.0,1,False,True,3,2024,Australian Grand Prix
77,BOT,43.0,82.889,28.615,18.51,35.764,HARD,7.0,3.0,1,False,True,3,2024,Australian Grand Prix
77,BOT,44.0,83.241,29.234,18.562,35.445,HARD,8.0,3.0,1,False,True,3,2024,Australian Grand Prix
77,BOT,45.0,81.711,28.591,18.183,34.937,HARD,9.0,3.0,1,False,True,3,2024,Australian Grand Prix
77,BOT,46.0,81.554,28.351,18.097,35.106,HARD,10.0,3.0,1,False,True,3,2024,Australian Grand Prix
77,BOT,47.0,81.583,28.425,18.156,35.002,HARD,11.0,3.0,1,False,True,3,2024,Australian Grand Prix
77,BOT,48.0,81.422,28.327,18.104,34.991,HARD,12.0,3.0,1,True,True,3,2024,Australian Grand Prix
77,BOT,49.0,81.457,28.314,18.137,35.006,HARD,13.0,3.0,1,False,True,3,2024,Australian Grand Prix
77,BOT,50.0,83.898,29.635,18.731,35.532,HARD,14.0,3.0,1,False,True,3,2024,Australian Grand Prix
77,BOT,51.0,81.649,28.418,18.133,35.098,HARD,15.0,3.0,1,False,True,3,2024,Australian Grand Prix
77,BOT,52.0,82.056,28.552,18.262,35.242,HARD,16.0,3.0,1,False,True,3,2024,Australian Grand Prix
77,BOT,53.0,81.82,28.427,18.228,35.165,HARD,17.0,3.0,1,False,True,3,2024,Australian Grand Prix
77,BOT,54.0,82.029,28.513,18.274,35.242,HARD,18.0,3.0,1,False,True,3,2024,Australian Grand Prix
77,BOT,55.0,82.01,28.396,18.405,35.209,HARD,19.0,3.0,1,False,True,3,2024,Australian Grand Prix
81,PIA,2.0,83.232,29.201,18.266,35.765,MEDIUM,2.0,1.0,1,True,True,3,2024,Australian Grand Prix
81,PIA,3.0,82.669,28.862,18.065,35.742,MEDIUM,3.0,1.0,1,True,True,3,2024,Australian Grand Prix
81,PIA,4.0,82.581,28.914,18.092,35.575,MEDIUM,4.0,1.0,1,True,True,3,2024,Australian Grand Prix
81,PIA,5.0,82.594,28.691,17.918,35.985,MEDIUM,5.0,1.0,1,False,True,3,2024,Australian Grand Prix
81,PIA,6.0,82.582,28.86,17.959,35.763,MEDIUM,6.0,1.0,1,False,True,3,2024,Australian Grand Prix
81,PIA,7.0,82.877,28.93,17.931,36.016,MEDIUM,7.0,1.0,1,False,True,3,2024,Australian Grand Prix
81,PIA,8.0,83.052,28.843,18.018,36.191,MEDIUM,8.0,1.0,1,False,True,3,2024,Australian Grand Prix
81,PIA,11.0,82.728,28.662,17.907,36.159,HARD,3.0,2.0,1,False,True,3,2024,Australian Grand Prix
81,PIA,12.0,82.948,29.063,18.222,35.663,HARD,4.0,2.0,1,False,True,3,2024,Australian Grand Prix
81,PIA,13.0,82.426,28.766,18.093,35.567,HARD,5.0,2.0,1,True,True,3,2024,Australian Grand Prix
81,PIA,14.0,81.968,28.644,18.063,35.261,HARD,6.0,2.0,1,True,True,3,2024,Australian Grand Prix
81,PIA,15.0,81.961,28.588,18.04,35.333,HARD,7.0,2.0,1,True,True,3,2024,Australian Grand Prix
81,PIA,16.0,82.015,28.64,18.102,35.273,HARD,8.0,2.0,1,False,True,3,2024,Australian Grand Prix
81,PIA,19.0,81.871,28.272,18.086,35.513,HARD,11.0,2.0,1,True,True,3,2024,Australian Grand Prix
81,PIA,20.0,82.085,28.58,18.02,35.485,HARD,12.0,2.0,1,False,True,3,2024,Australian Grand Prix
81,PIA,21.0,81.923,28.477,17.99,35.456,HARD,13.0,2.0,1,False,True,3,2024,Australian Grand Prix
81,PIA,22.0,82.013,28.607,18.037,35.369,HARD,14.0,2.0,1,False,True,3,2024,Australian Grand Prix
81,PIA,23.0,81.817,28.496,18.003,35.318,HARD,15.0,2.0,1,True,True,3,2024,Australian Grand Prix
81,PIA,24.0,81.83,28.553,17.964,35.313,HARD,16.0,2.0,1,False,True,3,2024,Australian Grand Prix
81,PIA,25.0,81.597,28.38,17.95,35.267,HARD,17.0,2.0,1,True,True,3,2024,Australian Grand Prix
81,PIA,26.0,82.243,28.631,18.061,35.551,HARD,18.0,2.0,1,False,True,3,2024,Australian Grand Prix
81,PIA,27.0,82.287,28.693,18.076,35.518,HARD,19.0,2.0,1,False,True,3,2024,Australian Grand Prix
81,PIA,28.0,82.204,28.654,18.065,35.485,HARD,20.0,2.0,1,False,True,3,2024,Australian Grand Prix
81,PIA,29.0,83.479,29.906,17.833,35.74,HARD,21.0,2.0,1,False,True,3,2024,Australian Grand Prix
81,PIA,30.0,82.52,28.702,18.059,35.759,HARD,22.0,2.0,1,False,True,3,2024,Australian Grand Prix
81,PIA,31.0,82.133,28.797,17.98,35.356,HARD,23.0,2.0,1,False,True,3,2024,Australian Grand Prix
81,PIA,32.0,81.989,28.664,17.973,35.352,HARD,24.0,2.0,1,False,True,3,2024,Australian Grand Prix
81,PIA,33.0,82.1,28.724,17.962,35.414,HARD,25.0,2.0,1,False,True,3,2024,Australian Grand Prix
81,PIA,34.0,82.238,28.728,18.06,35.45,HARD,26.0,2.0,1,False,True,3,2024,Australian Grand Prix
81,PIA,35.0,82.059,28.716,18.075,35.268,HARD,27.0,2.0,1,False,True,3,2024,Australian Grand Prix
81,PIA,36.0,82.047,28.779,18.041,35.227,HARD,28.0,2.0,1,False,True,3,2024,Australian Grand Prix
81,PIA,37.0,81.89,28.614,17.986,35.29,HARD,29.0,2.0,1,False,True,3,2024,Australian Grand Prix
81,PIA,38.0,85.203,28.686,18.0,38.517,HARD,30.0,2.0,1,False,True,3,2024,Australian Grand Prix
81,PIA,41.0,81.424,28.125,17.593,35.706,HARD,3.0,3.0,1,True,True,3,2024,Australian Grand Prix
81,PIA,42.0,81.08,28.312,17.964,34.804,HARD,4.0,3.0,1,True,True,3,2024,Australian Grand Prix
81,PIA,43.0,80.485,28.09,17.952,34.443,HARD,5.0,3.0,1,True,True,3,2024,Australian Grand Prix
81,PIA,44.0,80.395,27.914,17.885,34.596,HARD,6.0,3.0,1,True,True,3,2024,Australian Grand Prix
81,PIA,45.0,80.223,27.948,17.772,34.503,HARD,7.0,3.0,1,True,True,3,2024,Australian Grand Prix
81,PIA,46.0,80.615,27.981,17.817,34.817,HARD,8.0,3.0,1,False,True,3,2024,Australian Grand Prix
81,PIA,47.0,80.682,28.141,17.683,34.858,HARD,9.0,3.0,1,False,True,3,2024,Australian Grand Prix
81,PIA,48.0,80.588,28.039,17.853,34.696,HARD,10.0,3.0,1,False,True,3,2024,Australian Grand Prix
81,PIA,49.0,80.352,28.241,17.61,34.501,HARD,11.0,3.0,1,False,True,3,2024,Australian Grand Prix
81,PIA,50.0,80.496,28.056,17.746,34.694,HARD,12.0,3.0,1,False,True,3,2024,Australian Grand Prix
81,PIA,51.0,80.718,28.193,18.067,34.458,HARD,13.0,3.0,1,False,True,3,2024,Australian Grand Prix
81,PIA,52.0,80.295,27.98,17.85,34.465,HARD,14.0,3.0,1,False,True,3,2024,Australian Grand Prix
81,PIA,53.0,80.308,27.99,17.841,34.477,HARD,15.0,3.0,1,False,True,3,2024,Australian Grand Prix
81,PIA,54.0,80.199,27.903,17.756,34.54,HARD,16.0,3.0,1,True,True,3,2024,Australian Grand Prix
81,PIA,55.0,80.754,28.154,17.949,34.651,HARD,17.0,3.0,1,False,True,3,2024,Australian Grand Prix
81,PIA,56.0,80.357,27.947,17.927,34.483,HARD,18.0,3.0,1,False,True,3,2024,Australian Grand Prix
